{"textures":{"0":"modelengine:entity/texture"},"elements":[{"name":"cube","from":[0.87499976,7.136514,8.24375],"to":[14.525001,10.721515,13.493751],"rotation":{"angle":0.0,"axis":"x","origin":[-5.2118454,5.372428,10.042458]},"faces":{"down":{"uv":[4.4375,1.1875,3.0,1.75],"rotation":0,"texture":"#0","tintindex":0},"east":{"uv":[7.6875,2.4375,8.25,2.8125],"rotation":0,"texture":"#0","tintindex":0},"north":{"uv":[4.0,4.25,5.4375,4.625],"rotation":0,"texture":"#0","tintindex":0},"south":{"uv":[0.625,4.4375,2.0625,4.8125],"rotation":0,"texture":"#0","tintindex":0},"up":{"uv":[4.4375,1.1875,3.0,0.625],"rotation":0,"texture":"#0","tintindex":0},"west":{"uv":[7.6875,2.8125,8.25,3.1875],"rotation":0,"texture":"#0","tintindex":0}}},{"name":"cube","from":[1.7749997,10.586514,8.69375],"to":[13.625,20.321518,13.04375],"rotation":{"angle":0.0,"axis":"x","origin":[-5.2118454,5.372428,10.042458]},"faces":{"down":{"uv":[4.625,3.8125,3.375,4.25],"rotation":0,"texture":"#0","tintindex":0},"east":{"uv":[5.4375,0.3125,5.875,1.3125],"rotation":0,"texture":"#0","tintindex":0},"north":{"uv":[0.0,0.0,1.25,1.0],"rotation":0,"texture":"#0","tintindex":0},"south":{"uv":[0.0,1.0,1.25,2.0],"rotation":0,"texture":"#0","tintindex":0},"up":{"uv":[3.375,4.25,2.125,3.8125],"rotation":0,"texture":"#0","tintindex":0},"west":{"uv":[5.4375,4.125,5.875,5.125],"rotation":0,"texture":"#0","tintindex":0}}},{"name":"cube","from":[5.075,11.635092,6.834029],"to":[10.925,20.170094,11.184029],"rotation":{"angle":22.5,"axis":"x","origin":[-5.2118454,5.372428,10.042458]},"faces":{"down":{"uv":[2.0625,7.375,1.4375,7.8125],"rotation":0,"texture":"#0","tintindex":0},"east":{"uv":[1.1875,6.375,1.625,7.25],"rotation":0,"texture":"#0","tintindex":0},"north":{"uv":[0.0,4.0,0.625,4.875],"rotation":0,"texture":"#0","tintindex":0},"south":{"uv":[2.125,4.25,2.75,5.125],"rotation":0,"texture":"#0","tintindex":0},"up":{"uv":[7.6875,4.9375,7.0625,4.5],"rotation":0,"texture":"#0","tintindex":0},"west":{"uv":[0.0,6.5,0.4375,7.375],"rotation":0,"texture":"#0","tintindex":0}}},{"name":"cube","from":[2.7109995,13.920231,7.1491437],"to":[12.988999,19.724033,10.107143],"rotation":{"angle":22.5,"axis":"x","origin":[-5.2118454,5.372428,10.042458]},"faces":{"down":{"uv":[7.6875,3.0,6.625,3.3125],"rotation":0,"texture":"#0","tintindex":0},"east":{"uv":[1.4375,7.8125,1.75,8.4375],"rotation":0,"texture":"#0","tintindex":0},"north":{"uv":[3.5,2.375,4.5625,3.0],"rotation":0,"texture":"#0","tintindex":0},"south":{"uv":[1.0625,3.8125,2.125,4.4375],"rotation":0,"texture":"#0","tintindex":0},"up":{"uv":[7.6875,3.0,6.625,2.6875],"rotation":0,"texture":"#0","tintindex":0},"west":{"uv":[1.75,7.8125,2.0625,8.4375],"rotation":0,"texture":"#0","tintindex":0}}},{"name":"cube","from":[5.075,15.028745,16.9632],"to":[10.925,23.563744,21.313198],"rotation":{"angle":-22.5,"axis":"x","origin":[-5.2118454,5.372428,10.042458]},"faces":{"down":{"uv":[8.0,3.3125,7.375,3.75],"rotation":0,"texture":"#0","tintindex":0},"east":{"uv":[6.5625,1.125,7.0,2.0],"rotation":0,"texture":"#0","tintindex":0},"north":{"uv":[2.75,4.25,3.375,5.125],"rotation":0,"texture":"#0","tintindex":0},"south":{"uv":[3.375,4.25,4.0,5.125],"rotation":0,"texture":"#0","tintindex":0},"up":{"uv":[2.6875,7.8125,2.0625,7.375],"rotation":0,"texture":"#0","tintindex":0},"west":{"uv":[6.5625,5.0,7.0,5.875],"rotation":0,"texture":"#0","tintindex":0}}},{"name":"cube","from":[2.7109995,15.474806,17.278313],"to":[12.988999,21.278603,20.236313],"rotation":{"angle":-22.5,"axis":"x","origin":[-5.2118454,5.372428,10.042458]},"faces":{"down":{"uv":[7.5625,5.875,6.5,6.1875],"rotation":0,"texture":"#0","tintindex":0},"east":{"uv":[6.125,7.625,6.4375,8.25],"rotation":0,"texture":"#0","tintindex":0},"north":{"uv":[0.0,3.375,1.0625,4.0],"rotation":0,"texture":"#0","tintindex":0},"south":{"uv":[3.5,1.75,4.5625,2.375],"rotation":0,"texture":"#0","tintindex":0},"up":{"uv":[4.5625,3.3125,3.5,3.0],"rotation":0,"texture":"#0","tintindex":0},"west":{"uv":[7.5,7.6875,7.8125,8.3125],"rotation":0,"texture":"#0","tintindex":0}}},{"name":"cube","from":[-0.62500024,17.786514,7.94375],"to":[16.025002,24.521515,13.79375],"rotation":{"angle":0.0,"axis":"x","origin":[-5.2118454,5.372428,10.042458]},"faces":{"down":{"uv":[3.5,2.6875,1.75,3.3125],"rotation":0,"texture":"#0","tintindex":0},"east":{"uv":[5.4375,3.0,6.0625,3.6875],"rotation":0,"texture":"#0","tintindex":0},"north":{"uv":[1.25,0.0,3.0,0.6875],"rotation":0,"texture":"#0","tintindex":0},"south":{"uv":[1.25,0.6875,3.0,1.375],"rotation":0,"texture":"#0","tintindex":0},"up":{"uv":[3.5,2.6875,1.75,2.0625],"rotation":0,"texture":"#0","tintindex":0},"west":{"uv":[5.9375,1.1875,6.5625,1.875],"rotation":0,"texture":"#0","tintindex":0}}},{"name":"cube","from":[-0.62500024,17.786514,7.94375],"to":[16.025002,24.521515,13.79375],"rotation":{"angle":0.0,"axis":"x","origin":[-5.2118454,5.372428,10.042458]},"faces":{"down":{"uv":[4.75,0.0,3.0,0.625],"rotation":0,"texture":"#0","tintindex":0},"east":{"uv":[5.9375,1.875,6.5625,2.5625],"rotation":0,"texture":"#0","tintindex":0},"north":{"uv":[1.25,1.375,3.0,2.0625],"rotation":0,"texture":"#0","tintindex":0},"south":{"uv":[0.0,2.0625,1.75,2.75],"rotation":0,"texture":"#0","tintindex":0},"up":{"uv":[1.75,3.375,0.0,2.75],"rotation":0,"texture":"#0","tintindex":0},"west":{"uv":[5.9375,5.0,6.5625,5.6875],"rotation":0,"texture":"#0","tintindex":0}}},{"name":"cube","from":[5.9693813,25.357998,7.62875],"to":[12.407381,32.0,14.10875],"rotation":{"angle":-22.5,"axis":"z","origin":[-5.2118454,5.372428,10.042458]},"faces":{"down":{"uv":[4.0625,5.3125,3.375,6.0],"rotation":0,"texture":"#0","tintindex":0},"east":{"uv":[2.0,5.125,2.6875,5.8125],"rotation":0,"texture":"#0","tintindex":0},"north":{"uv":[1.3125,4.8125,2.0,5.5],"rotation":0,"texture":"#0","tintindex":0},"south":{"uv":[2.6875,5.125,3.375,5.8125],"rotation":0,"texture":"#0","tintindex":0},"up":{"uv":[5.9375,3.0,5.25,2.3125],"rotation":0,"texture":"#0","tintindex":0},"west":{"uv":[5.25,1.625,5.9375,2.3125],"rotation":0,"texture":"#0","tintindex":0}}},{"name":"cube","from":[2.975,21.819004,15.720204],"to":[12.425,21.819004,20.220203],"rotation":{"angle":-22.5,"axis":"x","origin":[-5.2118454,5.372428,10.042458]},"faces":{"down":{"uv":[5.4375,1.125,4.4375,1.625],"rotation":0,"texture":"#0","tintindex":0},"east":{"uv":[0.0,0.0,0.5,0.0],"rotation":0,"texture":"#0","tintindex":0},"north":{"uv":[0.0,0.0,1.0,0.0],"rotation":0,"texture":"#0","tintindex":0},"south":{"uv":[0.0,0.0,1.0,0.0],"rotation":0,"texture":"#0","tintindex":0},"up":{"uv":[5.4375,1.125,4.4375,0.625],"rotation":0,"texture":"#0","tintindex":0},"west":{"uv":[0.0,0.0,0.5,0.0],"rotation":0,"texture":"#0","tintindex":0}}},{"name":"cube","from":[4.7749996,18.129917,22.761002],"to":[10.625,22.314919,25.461002],"rotation":{"angle":-45.0,"axis":"x","origin":[-5.2118454,5.372428,10.042458]},"faces":{"down":{"uv":[8.1875,4.1875,7.5625,4.5],"rotation":0,"texture":"#0","tintindex":0},"east":{"uv":[7.1875,8.0,7.5,8.4375],"rotation":0,"texture":"#0","tintindex":0},"north":{"uv":[1.0625,3.375,1.6875,3.8125],"rotation":0,"texture":"#0","tintindex":0},"south":{"uv":[7.0625,0.625,7.6875,1.0625],"rotation":0,"texture":"#0","tintindex":0},"up":{"uv":[5.375,0.625,4.75,0.3125],"rotation":0,"texture":"#0","tintindex":0},"west":{"uv":[0.0,8.0625,0.3125,8.5],"rotation":0,"texture":"#0","tintindex":0}}},{"name":"cube","from":[1.026907,15.4757,7.62875],"to":[7.4649076,22.117702,14.10875],"rotation":{"angle":22.5,"axis":"z","origin":[-5.2118454,5.372428,10.042458]},"faces":{"down":{"uv":[1.3125,4.8125,0.625,5.5],"rotation":0,"texture":"#0","tintindex":0},"east":{"uv":[4.5625,2.3125,5.25,3.0],"rotation":0,"texture":"#0","tintindex":0},"north":{"uv":[4.5625,1.625,5.25,2.3125],"rotation":0,"texture":"#0","tintindex":0},"south":{"uv":[4.0,4.625,4.6875,5.3125],"rotation":0,"texture":"#0","tintindex":0},"up":{"uv":[5.4375,3.6875,4.75,3.0],"rotation":0,"texture":"#0","tintindex":0},"west":{"uv":[4.6875,4.625,5.375,5.3125],"rotation":0,"texture":"#0",