{"textures":{"0":"modelengine:entity/texture"},"elements":[{"name":"cube","from":[7.2761946,2.2444324,4.682996],"to":[12.381895,9.363434,8.9285965],"rotation":{"angle":22.5,"axis":"x","origin":[8.647045,4.9891324,5.634596]},"faces":{"down":{"uv":[8.125,3.75,7.5625,4.1875],"rotation":0,"texture":"#0","tintindex":0},"east":{"uv":[4.25,6.6875,4.6875,7.4375],"rotation":0,"texture":"#0","tintindex":0},"north":{"uv":[5.9375,5.6875,6.5,6.4375],"rotation":0,"texture":"#0","tintindex":0},"south":{"uv":[3.125,6.0,3.6875,6.75],"rotation":0,"texture":"#0","tintindex":0},"up":{"uv":[8.0625,5.875,7.5,5.4375],"rotation":0,"texture":"#0","tintindex":0},"west":{"uv":[4.6875,6.6875,5.125,7.4375],"rotation":0,"texture":"#0","tintindex":0}}}],"display":{"head":{"translation":[0.0,-6.4,0.0],"rotation":[0.0,0.0,0.0],"scale":[3.8095,3.8095,3.8095]}}}