{"textures":{"0":"modelengine:entity/texture"},"elements":[{"name":"cube","from":[-9.547526,16.231476,5.25248],"to":[-3.197702,21.863892,10.74752],"rotation":{"angle":-45.0,"axis":"z","origin":[-13.503322,-8.365899,7.173708]},"faces":{"down":{"uv":[6.875,6.4375,6.1875,7.0],"rotation":0,"texture":"#0","tintindex":0},"east":{"uv":[6.875,6.75,7.4375,7.3125],"rotation":0,"texture":"#0","tintindex":0},"north":{"uv":[6.375,3.875,7.0625,4.4375],"rotation":0,"texture":"#0","tintindex":0},"south":{"uv":[6.375,4.4375,7.0625,5.0],"rotation":0,"texture":"#0","tintindex":0},"up":{"uv":[6.1875,7.0,5.5,6.4375],"rotation":0,"texture":"#0","tintindex":0},"west":{"uv":[0.4375,6.9375,1.0,7.5],"rotation":0,"texture":"#0","tintindex":0}}}],"display":{"head":{"translation":[0.0,-6.4,0.0],"rotation":[0.0,0.0,0.0],"scale":[3.8095,3.8095,3.8095]}}}