{"textures":{"0":"modelengine:entity/texture"},"elements":[{"name":"cube","from":[5.6356053,-1.640985,4.283813],"to":[11.485605,0.8340149,11.483813],"rotation":{"angle":0.0,"axis":"x","origin":[1.3606051,-1.4159851,7.883813]},"faces":{"down":{"uv":[5.9375,5.3125,5.3125,6.0625],"rotation":0,"texture":"#0","tintindex":0},"east":{"uv":[7.8125,7.6875,8.5625,7.9375],"rotation":0,"texture":"#0","tintindex":0},"north":{"uv":[8.0,3.1875,8.625,3.4375],"rotation":0,"texture":"#0","tintindex":0},"south":{"uv":[8.0,3.4375,8.625,3.6875],"rotation":0,"texture":"#0","tintindex":0},"up":{"uv":[5.3125,6.0625,4.6875,5.3125],"rotation":0,"texture":"#0","tintindex":0},"west":{"uv":[7.9375,6.125,8.6875,6.375],"rotation":0,"texture":"#0","tintindex":0}}},{"name":"cube","from":[6.5356054,-1.4159851,3.383813],"to":[10.585606,1.284015,5.183813],"rotation":{"angle":0.0,"axis":"x","origin":[1.3606051,-1.4159851,7.883813]},"faces":{"down":{"uv":[8.5625,3.6875,8.125,3.875],"rotation":0,"texture":"#0","tintindex":0},"east":{"uv":[1.0,6.9375,1.1875,7.25],"rotation":0,"texture":"#0","tintindex":0},"north":{"uv":[6.75,8.0,7.1875,8.3125],"rotation":0,"texture":"#0","tintindex":0},"south":{"uv":[8.0,7.1875,8.4375,7.5],"rotation":0,"texture":"#0","tintindex":0},"up":{"uv":[8.5,5.8125,8.0625,5.625],"rotation":0,"texture":"#0","tintindex":0},"west":{"uv":[6.625,7.0,6.8125,7.3125],"rotation":0,"texture":"#0","tintindex":0}}},{"name":"cube","from":[6.9425,0.19090962,8.483812],"to":[10.3175,4.69091,11.183813],"rotation":{"angle":22.5,"axis":"x","origin":[8.18,3.41591,9.083813]},"faces":{"down":{"uv":[5.5,6.6875,5.125,7.0],"rotation":0,"texture":"#0","tintindex":0},"east":{"uv":[8.0,4.75,8.3125,5.1875],"rotation":0,"texture":"#0","tintindex":0},"north":{"uv":[0.625,4.0,1.0,4.4375],"rotation":0,"texture":"#0","tintindex":0},"south":{"uv":[2.0625,7.8125,2.4375,8.25],"rotation":0,"texture":"#0","tintindex":0},"up":{"uv":[2.0,5.8125,1.625,5.5],"rotation":0,"texture":"#0","tintindex":0},"west":{"uv":[5.5,8.0,5.8125,8.4375],"rotation":0,"texture":"#0","tintindex":0}}},{"name":"cube","from":[6.5074997,2.1649995,7.8199997],"to":[10.6925,8.615,11.3],"rotation":{"angle":-22.5,"axis":"x","origin":[8.0,3.7999997,8.6]},"faces":{"down":{"uv":[8.375,6.8125,7.9375,7.1875],"rotation":0,"texture":"#0","tintindex":0},"east":{"uv":[2.6875,7.375,3.0625,8.0625],"rotation":0,"texture":"#0","tintindex":0},"north":{"uv":[1.0,7.25,1.4375,7.9375],"rotation":0,"texture":"#0","tintindex":0},"south":{"uv":[6.625,7.3125,7.0625,8.0],"rotation":0,"texture":"#0","tintindex":0},"up":{"uv":[5.9375,6.4375,5.5,6.0625],"rotation":0,"texture":"#0","tintindex":0},"west":{"uv":[4.0,7.4375,4.375,8.125],"rotation":0,"texture":"#0","tintindex":0}}}],"display":{"head":{"translation":[0.0,-6.4,0.0],"rotation":[0.0,0.0,0.0],"scale":[3.8095,3.8095,3.8095]}}}