{"textures":{"0":"modelengine:entity/texture"},"elements":[{"name":"cube","from":[5.7859287,-5.802042,1.8423672],"to":[10.680818,2.5363135,6.6178684],"rotation":{"angle":45.0,"axis":"x","origin":[-18.295158,-3.3857226,8.131103]},"faces":{"down":{"uv":[8.0625,0.0,7.5625,0.5],"rotation":0,"texture":"#0","tintindex":0},"east":{"uv":[2.625,5.8125,3.125,6.6875],"rotation":0,"texture":"#0","tintindex":0},"north":{"uv":[2.125,5.8125,2.625,6.6875],"rotation":0,"texture":"#0","tintindex":0},"south":{"uv":[5.875,0.3125,6.375,1.1875],"rotation":0,"texture":"#0","tintindex":0},"up":{"uv":[8.0,7.6875,7.5,7.1875],"rotation":0,"texture":"#0","tintindex":0},"west":{"uv":[5.875,4.125,6.375,5.0],"rotation":0,"texture":"#0","tintindex":0}}},{"name":"cube","from":[5.7859287,1.8718076,6.473095],"to":[10.765417,7.942885,11.248597],"rotation":{"angle":0.0,"axis":"x","origin":[-18.295158,-3.3857226,8.131103]},"faces":{"down":{"uv":[8.0,4.9375,7.5,5.4375],"rotation":0,"texture":"#0","tintindex":0},"east":{"uv":[7.0625,0.0,7.5625,0.625],"rotation":0,"texture":"#0","tintindex":0},"north":{"uv":[6.125,7.0,6.625,7.625],"rotation":0,"texture":"#0","tintindex":0},"south":{"uv":[7.0625,3.875,7.5625,4.5],"rotation":0,"texture":"#0","tintindex":0},"up":{"uv":[3.5625,8.0,3.0625,7.5],"rotation":0,"texture":"#0","tintindex":0},"west":{"uv":[7.125,1.75,7.625,2.375],"rotation":0,"texture":"#0","tintindex":0}}},{"name":"cube","from":[10.661556,-4.110042,1.8423672],"to":[10.802555,2.5363135,6.6178684],"rotation":{"angle":45.0,"axis":"x","origin":[-18.295158,-3.3857226,8.131103]},"faces":{"down":{"uv":[4.25,6.8125,4.1875,7.3125],"rotation":0,"texture":"#0","tintindex":0},"east":{"uv":[2.125,6.6875,2.625,7.375],"rotation":0,"texture":"#0","tintindex":0},"north":{"uv":[0.5625,5.625,0.625,6.3125],"rotation":0,"texture":"#0","tintindex":0},"south":{"uv":[3.9375,7.5625,4.0,8.25],"rotation":0,"texture":"#0","tintindex":0},"up":{"uv":[6.625,2.5,6.5625,2.0],"rotation":0,"texture":"#0","tintindex":0},"west":{"uv":[2.625,6.6875,3.125,7.375],"rotation":0,"texture":"#0","tintindex":0}}}],"display":{"head":{"translation":[0.0,-6.4,0.0],"rotation":[0.0,0.0,0.0],"scale":[3.8095,3.8095,3.8095]}}}