{"textures":{"0":"modelengine:entity/texture"},"elements":[{"name":"cube","from":[5.498082,-5.615238,0.8849726],"to":[10.392971,2.7231176,5.660474],"rotation":{"angle":45.0,"axis":"x","origin":[8.650369,-3.1989188,7.173708]},"faces":{"down":{"uv":[8.0,1.0625,7.5,1.5625],"rotation":0,"texture":"#0","tintindex":0},"east":{"uv":[1.125,5.5,1.625,6.375],"rotation":0,"texture":"#0","tintindex":0},"north":{"uv":[0.625,5.5,1.125,6.375],"rotation":0,"texture":"#0","tintindex":0},"south":{"uv":[0.0,5.625,0.5,6.5],"rotation":0,"texture":"#0","tintindex":0},"up":{"uv":[0.9375,8.0,0.4375,7.5],"rotation":0,"texture":"#0","tintindex":0},"west":{"uv":[1.625,5.8125,2.125,6.6875],"rotation":0,"texture":"#0","tintindex":0}}},{"name":"cube","from":[5.3570833,-3.9232383,0.8849726],"to":[5.498082,2.7231176,5.660474],"rotation":{"angle":45.0,"axis":"x","origin":[8.650369,-3.1989188,7.173708]},"faces":{"down":{"uv":[6.125,3.3125,6.0625,3.8125],"rotation":0,"texture":"#0","tintindex":0},"east":{"uv":[6.625,2.0,7.125,2.6875],"rotation":0,"texture":"#0","tintindex":0},"north":{"uv":[2.0625,4.4375,2.125,5.125],"rotation":0,"texture":"#0","tintindex":0},"south":{"uv":[0.5,5.625,0.5625,6.3125],"rotation":0,"texture":"#0","tintindex":0},"up":{"uv":[5.4375,5.125,5.375,4.625],"rotation":0,"texture":"#0","tintindex":0},"west":{"uv":[1.625,6.6875,2.125,7.375],"rotation":0,"texture":"#0","tintindex":0}}},{"name":"cube","from":[5.4134827,2.0586119,5.515701],"to":[10.392971,8.129689,10.291203],"rotation":{"angle":0.0,"axis":"x","origin":[8.650369,-3.1989188,7.173708]},"faces":{"down":{"uv":[7.9375,6.6875,7.4375,7.1875],"rotation":0,"texture":"#0","tintindex":0},"east":{"uv":[7.0,5.0,7.5,5.625],"rotation":0,"texture":"#0","tintindex":0},"north":{"uv":[7.0,1.125,7.5,1.75],"rotation":0,"texture":"#0","tintindex":0},"south":{"uv":[5.125,7.0,5.625,7.625],"rotation":0,"texture":"#0","tintindex":0},"up":{"uv":[7.9375,6.6875,7.4375,6.1875],"rotation":0,"texture":"#0","tintindex":0},"west":{"uv":[5.625,7.0,6.125,7.625],"rotation":0,"texture":"#0","tintindex":0}}}],"display":{"head":{"translation":[0.0,-6.4,0.0],"rotation":[0.0,0.0,0.0],"scale":[3.8095,3.8095,3.8095]}}}