{"textures":{"0":"modelengine:entity/texture"},"elements":[{"name":"cube","from":[5.2862353,6.772597,6.8721533],"to":[10.713764,11.920357,10.621065],"rotation":{"angle":0.0,"axis":"x","origin":[-1.2227464,-7.1085415,11.572687]},"faces":{"down":{"uv":[8.3125,0.5,7.6875,0.875],"rotation":0,"texture":"#0","tintindex":0},"east":{"uv":[3.5625,7.5625,3.9375,8.1875],"rotation":0,"texture":"#0","tintindex":0},"north":{"uv":[4.25,6.0625,4.875,6.6875],"rotation":0,"texture":"#0","tintindex":0},"south":{"uv":[4.875,6.0625,5.5,6.6875],"rotation":0,"texture":"#0","tintindex":0},"up":{"uv":[6.125,8.0,5.5,7.625],"rotation":0,"texture":"#0","tintindex":0},"west":{"uv":[5.125,7.625,5.5,8.25],"rotation":0,"texture":"#0","tintindex":0}}},{"name":"cube","from":[5.5660048,6.772597,4.753691],"to":[10.433995,7.4440436,6.8721533],"rotation":{"angle":0.0,"axis":"x","origin":[-1.2227464,-7.1085415,11.572687]},"faces":{"down":{"uv":[5.9375,5.125,5.375,5.3125],"rotation":0,"texture":"#0","tintindex":0},"east":{"uv":[5.25,4.125,5.4375,4.1875],"rotation":0,"texture":"#0","tintindex":0},"north":{"uv":[0.0,2.0,0.5625,2.0625],"rotation":0,"texture":"#0","tintindex":0},"south":{"uv":[0.5625,2.0,1.125,2.0625],"rotation":0,"texture":"#0","tintindex":0},"up":{"uv":[3.9375,5.3125,3.375,5.125],"rotation":0,"texture":"#0","tintindex":0},"west":{"uv":[5.25,4.1875,5.4375,4.25],"rotation":0,"texture":"#0","tintindex":0}}},{"name":"cube","from":[7.517201,0.3489294,-4.279709],"to":[8.482799,3.00825,-3.1961594],"rotation":{"angle":45.0,"axis":"x","origin":[-1.2227464,-7.1085415,11.572687]},"faces":{"down":{"uv":[4.0,5.25,3.9375,5.3125],"rotation":0,"texture":"#0","tintindex":0},"east":{"uv":[7.0625,1.75,7.125,2.0],"rotation":0,"texture":"#0","tintindex":0},"north":{"uv":[6.8125,7.0,6.875,7.25],"rotation":0,"texture":"#0","tintindex":0},"south":{"uv":[4.0,7.125,4.0625,7.375],"rotation":0,"texture":"#0","tintindex":0},"up":{"uv":[4.0,5.25,3.9375,5.1875],"rotation":0,"texture":"#0","tintindex":0},"west":{"uv":[4.0625,7.125,4.125,7.375],"rotation":0,"texture":"#0","tintindex":0}}},{"name":"cube","from":[6.1255436,7.444043,4.8608336],"to":[9.874456,9.794107,6.8721533],"rotation":{"angle":0.0,"axis":"x","origin":[-1.2227464,-7.1085415,11.572687]},"faces":{"down":{"uv":[5.125,3.6875,4.75,3.8125],"rotation":0,"texture":"#0","tintindex":0},"east":{"uv":[5.9375,2.5625,6.0625,2.75],"rotation":0,"texture":"#0","tintindex":0},"north":{"uv":[6.5,6.1875,6.875,6.375],"rotation":0,"texture":"#0","tintindex":0},"south":{"uv":[8.125,3.875,8.5,4.0625],"rotation":0,"texture":"#0","tintindex":0},"up":{"uv":[5.0,4.25,4.625,4.125],"rotation":0,"texture":"#0","tintindex":0},"west":{"uv":[5.9375,2.75,6.0625,2.9375],"rotation":0,"texture":"#0","tintindex":0}}},{"name":"cube","from":[5.568803,7.4188647,5.1409693],"to":[6.0454316,9.283192,5.59867],"rotation":{"angle":0.0,"axis":"x","origin":[-1.2227464,-7.1085415,11.572687]},"faces":{"down":{"uv":[4.0,5.125,3.9375,5.1875],"rotation":0,"texture":"#0","tintindex":0},"east":{"uv":[6.3125,0.0,6.375,0.25],"rotation":0,"texture":"#0","tintindex":0},"north":{"uv":[6.25,0.0,6.3125,0.25],"rotation":0,"texture":"#0","tintindex":0},"south":{"uv":[0.4375,6.5,0.5,6.75],"rotation":0,"texture":"#0","tintindex":0},"up":{"uv":[2.0625,5.125,2.0,5.0625],"rotation":0,"texture":"#0","tintindex":0},"west":{"uv":[7.0,1.75,7.0625,2.0],"rotation":0,"texture":"#0","tintindex":0}}},{"name":"cube","from":[9.954568,7.4188647,5.1409693],"to":[10.431197,9.283192,5.59867],"rotation":{"angle":0.0,"axis":"x","origin":[-1.2227464,-7.1085415,11.572687]},"faces":{"down":{"uv":[1.75,3.6875,1.6875,3.75],"rotation":0,"texture":"#0","tintindex":0},"east":{"uv":[1.0,4.0,1.0625,4.25],"rotation":0,"texture":"#0","tintindex":0},"north":{"uv":[1.6875,3.375,1.75,3.625],"rotation":0,"texture":"#0","tintindex":0},"south":{"uv":[2.0,4.8125,2.0625,5.0625],"rotation":0,"texture":"#0","tintindex":0},"up":{"uv":[1.75,3.6875,1.6875,3.625],"rotation":0,"texture":"#0","tintindex":0},"west":{"uv":[5.375,0.3125,5.4375,0.5625],"rotation":0,"texture":"#0","tintindex":0}}},{"name":"cube","from":[-1.64427,12.403822,6.6884546],"to":[0.03690052,12.992899,7.3341837],"rotation":{"angle":-22.5,"axis":"z","origin":[-1.2227464,-7.1085415,11.572687]},"faces":{"down":{"uv":[6.0,3.6875,5.875,3.75],"rotation":0,"texture":"#0","tintindex":0},"east":{"uv":[1.6875,3.75,1.75,3.8125],"rotation":0,"texture":"#0","tintindex":0},"north":{"uv":[1.125,2.0,1.25,2.0625],"rotation":0,"texture":"#0","tintindex":0},"south":{"uv":[4.4375,1.625,4.5625,1.6875],"rotation":0,"texture":"#0","tintindex":0},"up":{"uv":[4.5625,1.75,4.4375,1.6875],"rotation":0,"texture":"#0","tintindex":0},"west":{"uv":[1.0,4.25,1.0625,4.3125],"rotation":0,"texture":"#0","tintindex":0}}},{"name":"cube","from":[14.559019,5.345038,6.6884546],"to":[16.240189,5.9341135,7.3341837],"rotation":{"angle":22.5,"axis":"z","origin":[-1.2227464,-7.1085415,11.572687]},"faces":{"down":{"uv":[3.9375,6.0,3.8125,6.0625],"rotation":0,"texture":"#0","tintindex":0},"east":{"uv":[1.0,4.3125,1.0625,4.375],"rotation":0,"texture":"#0","tintindex":0},"north":{"uv":[5.875,3.75,6.0,3.8125],"rotation":0,"texture":"#0","tintindex":0},"south":{"uv":[5.9375,2.9375,6.0625,3.0],"rotation":0,"texture":"#0","tintindex":0},"up":{"uv":[3.8125,6.0625,3.6875,6.0],"rotation":0,"texture":"#0","tintindex":0},"west":{"uv":[1.0,4.375,1.0625,4.4375],"rotation":0,"texture":"#0","tintindex":0}}},{"name":"cube","from":[15.557792,4.361297,8.452903],"to":[18.256676,5.6808248,9.899336],"rotation":{"angle":22.5,"axis":"z","origin":[-1.2227464,-7.1085415,11.572687]},"faces":{"down":{"uv":[5.375,3.75,5.125,3.8125],"rotation":0,"texture":"#0","tintindex":0},"east":{"uv":[5.375,0.5625,5.4375,0.625],"rotation":0,"texture":"#0","tintindex":0},"north":{"uv":[5.0,4.125,5.25,4.1875],"rotation":0,"texture":"#0","tintindex":0},"south":{"uv":[5.0,4.1875,5.25,4.25],"rotation":0,"texture":"#0","tintindex":0},"up":{"uv":[5.375,3.75,5.125,3.6875],"rotation":0,"texture":"#0","tintindex":0},"west":{"uv":[5.875,1.1875,5.9375,1.25],"rotation":0,"texture":"#0","tintindex":0}}},{"name":"cube","from":[-3.6607552,11.420082,8.452903],"to":[-0.9618721,12.73961,9.899336],"rotation":{"angle":-22.5,"axis":"z","origin":[-1.2227464,-7.1085415,11.572687]},"faces":{"down":{"uv":[5.875,3.75,5.625,3.8125],"rotation":0,"texture":"#0","tintindex":0},"east":{"uv":[6.625,6.375,6.6875,6.4375],"rotation":0,"texture":"#0","tintindex":0},"north":{"uv":[5.375,3.6875,5.625,3.75],"rotation":0,"texture":"#0","tintindex":0},"south":{"uv":[5.375,3.75,5.625,3.8125],"rotation":0,"texture":"#0","tintindex":0},"up":{"uv":[5.875,3.75,5.625,3.6875],"rotation":0,"texture":"#0","tintindex":0},"west":{"uv":[6.6875,6.375,6.75,6.4375],"rotation":0,"texture":"#0","tintindex":0}}},{"name":"cube","from":[21.021307,-3.8849316,8.583082],"to":[22.615875,-2.802918,9.769156],"rotation":{"angle":45.0,"axis":"z","origin":[-1.2227464,-7.1085415,11.572687]},"faces":{"down":{"uv":[4.0,6.0,3.9375,6.0625],"rotation":0,"texture":"#0","tintindex":0},"east":{"uv":[5.875,5.0,5.9375,5.0625],"rotation":0,"texture":"#0","tintindex":0},"north":{"uv":[5.875,1.25,5.9375,1.3125],"rotation":0,"texture":"#0","tintindex":0},"south":{"uv":[5.875,5.0625,5.9375,5.125],"rotation":0,"texture":"#0","tintindex":0},"up":{"uv":[6.0625,3.8125,6.0,3.75],"rotation":0,"texture":"#0","tintindex":0},"west":{"uv":[6.0,3.6875,6.0625,3.75],"rotation":0,"texture":"#0","tintindex":0}}},{"name":"cube","from":[-12.018436,9.158002,8.583082],"to":[-10.423866,10.240015,9.769156],"rotation":{"angle":-45.0,"axis":"z","origin":[-1.2227464,-7.1085415,11.572687]},"faces":{"down":{"uv":[6.875,6.375,6.8125,6.4375],"rotation":0,"texture":"#0","tintindex":0},"east":{"uv":[3.5625,6.75,3.625,6.8125],"rotation":0,"texture":"#0","tintindex":0},"north":{"uv":[0.4375,6.75,0.5,6.8125],"rotation":0,"texture":"#0","tintindex":0},"south":{"uv":[3.625,6.75,3.6875,6.8125],"rotation":0,"texture":"#0","tintindex":0},"up":{"uv":[0.5,6.875,0.4375,6.8125],"rotation":0,