{"textures":{"0":"modelengine:entity/my appa"},"elements":[{"name":"le3","from":[7.065345,3.691918,9.307132],"to":[11.237265,8.4598255,14.075039],"rotation":{"angle":0.0,"axis":"x","origin":[17.19715,13.227735,19.438934]},"faces":{"down":{"uv":[8.375,6.25,7.875,6.75],"rotation":0,"texture":"#0","tintindex":0},"east":{"uv":[5.5,7.75,6.0,8.25],"rotation":0,"texture":"#0","tintindex":0},"north":{"uv":[7.625,5.75,8.125,6.25],"rotation":0,"texture":"#0","tintindex":0},"south":{"uv":[6.0,7.75,6.5,8.25],"rotation":0,"texture":"#0","tintindex":0},"up":{"uv":[8.375,0.5,7.875,0.0],"rotation":0,"texture":"#0","tintindex":0},"west":{"uv":[8.25,4.0,7.75,4.5],"rotation":0,"texture":"#0","tintindex":0}}},{"name":"toe2","from":[6.4693565,2.4999413,7.519166],"to":[8.257322,4.2879066,11.095097],"rotation":{"angle":0.0,"axis":"x","origin":[16.005173,12.035757,17.054981]},"faces":{"down":{"uv":[1.875,8.625,1.625,9.0],"rotation":0,"texture":"#0","tintindex":0},"east":{"uv":[8.5,8.125,8.875,8.375],"rotation":0,"texture":"#0","tintindex":0},"north":{"uv":[9.0,0.5,9.25,0.75],"rotation":0,"texture":"#0","tintindex":0},"south":{"uv":[9.0,0.75,9.25,1.0],"rotation":0,"texture":"#0","tintindex":0},"up":{"uv":[1.625,9.0,1.375,8.625],"rotation":0,"texture":"#0","tintindex":0},"west":{"uv":[1.375,8.625,1.0,8.875],"rotation":0,"texture":"#0","tintindex":0}}},{"name":"toe3","from":[8.614915,2.4999413,7.519166],"to":[9.806892,4.2879066,11.095097],"rotation":{"angle":0.0,"axis":"x","origin":[18.389126,12.035757,17.054981]},"faces":{"down":{"uv":[3.375,9.125,3.25,9.5],"rotation":0,"texture":"#0","tintindex":0},"east":{"uv":[1.875,8.625,2.25,8.875],"rotation":0,"texture":"#0","tintindex":0},"north":{"uv":[5.625,6.0,5.75,6.25],"rotation":0,"texture":"#0","tintindex":0},"south":{"uv":[6.875,6.25,7.0,6.5],"rotation":0,"texture":"#0","tintindex":0},"up":{"uv":[7.5,8.0,7.375,7.625],"rotation":0,"texture":"#0","tintindex":0},"west":{"uv":[5.25,8.625,4.875,8.875],"rotation":0,"texture":"#0","tintindex":0}}},{"name":"toe4","from":[10.045287,2.4999413,7.519166],"to":[11.833253,4.2879066,11.095097],"rotation":{"angle":0.0,"axis":"x","origin":[19.581104,12.035757,17.054981]},"faces":{"down":{"uv":[5.5,8.625,5.25,9.0],"rotation":0,"texture":"#0","tintindex":0},"east":{"uv":[6.25,8.625,6.625,8.875],"rotation":0,"texture":"#0","tintindex":0},"north":{"uv":[9.0,1.25,9.25,1.5],"rotation":0,"texture":"#0","tintindex":0},"south":{"uv":[9.0,1.5,9.25,1.75],"rotation":0,"texture":"#0","tintindex":0},"up":{"uv":[2.5,9.0,2.25,8.625],"rotation":0,"texture":"#0","tintindex":0},"west":{"uv":[7.0,8.625,6.625,8.875],"rotation":0,"texture":"#0","tintindex":0}}},{"name":"flatheel","from":[7.422938,3.0959296,9.90312],"to":[10.402881,3.691918,13.479052],"rotation":{"angle":0.0,"axis":"x","origin":[18.389126,12.035757,19.438934]},"faces":{"down":{"uv":[6.875,7.75,6.5,8.125],"rotation":0,"texture":"#0","tintindex":0},"east":{"uv":[9.25,2.25,9.625,2.375],"rotation":0,"texture":"#0","tintindex":0},"north":{"uv":[9.25,2.125,9.625,2.25],"rotation":0,"texture":"#0","tintindex":0},"south":{"uv":[9.25,2.375,9.625,2.5],"rotation":0,"texture":"#0","tintindex":0},"up":{"uv":[8.0,3.0,7.625,2.625],"rotation":0,"texture":"#0","tintindex":0},"west":{"uv":[9.625,2.5,9.25,2.625],"rotation":0,"texture":"#0","tintindex":0}}},{"name":"cover","from":[7.2441416,4.2879066,8.711143],"to":[11.058468,4.764697,9.90312],"rotation":{"angle":0.0,"axis":"x","origin":[16.005173,14.41971,18.246958]},"faces":{"down":{"uv":[9.625,3.5,9.25,3.625],"rotation":0,"texture":"#0","tintindex":0},"east":{"uv":[6.0,0.875,6.125,1.0],"rotation":0,"texture":"#0","tintindex":0},"north":{"uv":[9.25,2.625,9.625,2.75],"rotation":0,"texture":"#0","tintindex":0},"south":{"uv":[9.25,2.75,9.625,2.875],"rotation":0,"texture":"#0","tintindex":0},"up":{"uv":[9.625,3.5,9.25,3.375],"rotation":0,"texture":"#0","tintindex":0},"west":{"uv":[6.25,0.875,6.125,1.0],"rotation":0,"texture":"#0","tintindex":0}}},{"name":"le2","from":[6.4693565,8.4598255,8.711143],"to":[12.429241,15.611688,14.671028],"rotation":{"angle":0.0,"axis":"x","origin":[10.268785,11.737764,12.361575]},"faces":{"down":{"uv":[3.125,7.375,2.5,8.0],"rotation":0,"texture":"#0","tintindex":0},"east":{"uv":[0.0,6.625,0.625,7.375],"rotation":0,"texture":"#0","tintindex":0},"north":{"uv":[6.5,5.0,7.125,5.75],"rotation":0,"texture":"#0","tintindex":0},"south":{"uv":[0.625,6.625,1.25,7.375],"rotation":0,"texture":"#0","tintindex":0},"up":{"uv":[1.25,8.0,0.625,7.375],"rotation":0,"texture":"#0","tintindex":0},"west":{"uv":[3.125,6.625,2.5,7.375],"rotation":0,"texture":"#0","tintindex":0}}}],"display":{"head":{"translation":[0.0,-6.4,0.0],"rotation":[0.0,0.0,0.0],"scale":[3.8095,3.8095,3.8095]}}}