{"textures":{"0":"modelengine:entity/my appa"},"elements":[{"name":"le3","from":[7.214342,3.691918,9.083635],"to":[11.386262,8.4598255,13.851542],"rotation":{"angle":0.0,"axis":"x","origin":[17.346146,13.227735,19.215439]},"faces":{"down":{"uv":[1.5,8.125,1.0,8.625],"rotation":0,"texture":"#0","tintindex":0},"east":{"uv":[8.0,2.625,8.5,3.125],"rotation":0,"texture":"#0","tintindex":0},"north":{"uv":[4.5,8.0,5.0,8.5],"rotation":0,"texture":"#0","tintindex":0},"south":{"uv":[8.0,3.125,8.5,3.625],"rotation":0,"texture":"#0","tintindex":0},"up":{"uv":[8.5,5.5,8.0,5.0],"rotation":0,"texture":"#0","tintindex":0},"west":{"uv":[8.5,4.5,8.0,5.0],"rotation":0,"texture":"#0","tintindex":0}}},{"name":"toe2","from":[6.618354,2.4999413,7.295671],"to":[8.406319,4.2879066,10.871601],"rotation":{"angle":0.0,"axis":"x","origin":[16.154171,12.035757,16.831486]},"faces":{"down":{"uv":[8.875,7.25,8.625,7.625],"rotation":0,"texture":"#0","tintindex":0},"east":{"uv":[8.625,2.125,9.0,2.375],"rotation":0,"texture":"#0","tintindex":0},"north":{"uv":[2.0,9.125,2.25,9.375],"rotation":0,"texture":"#0","tintindex":0},"south":{"uv":[2.75,9.125,3.0,9.375],"rotation":0,"texture":"#0","tintindex":0},"up":{"uv":[8.875,5.875,8.625,5.5],"rotation":0,"texture":"#0","tintindex":0},"west":{"uv":[9.0,2.375,8.625,2.625],"rotation":0,"texture":"#0","tintindex":0}}},{"name":"toe3","from":[8.763912,2.4999413,7.295671],"to":[9.955889,4.2879066,10.871601],"rotation":{"angle":0.0,"axis":"x","origin":[18.538124,12.035757,16.831486]},"faces":{"down":{"uv":[9.375,5.375,9.25,5.75],"rotation":0,"texture":"#0","tintindex":0},"east":{"uv":[8.625,7.625,9.0,7.875],"rotation":0,"texture":"#0","tintindex":0},"north":{"uv":[0.625,9.0,0.75,9.25],"rotation":0,"texture":"#0","tintindex":0},"south":{"uv":[5.375,9.0,5.5,9.25],"rotation":0,"texture":"#0","tintindex":0},"up":{"uv":[6.0,9.625,5.875,9.25],"rotation":0,"texture":"#0","tintindex":0},"west":{"uv":[0.375,8.75,0.0,9.0],"rotation":0,"texture":"#0","tintindex":0}}},{"name":"toe4","from":[10.194284,2.4999413,7.295671],"to":[11.98225,4.2879066,10.871601],"rotation":{"angle":0.0,"axis":"x","origin":[19.730103,12.035757,16.831486]},"faces":{"down":{"uv":[3.375,8.75,3.125,9.125],"rotation":0,"texture":"#0","tintindex":0},"east":{"uv":[0.375,8.75,0.75,9.0],"rotation":0,"texture":"#0","tintindex":0},"north":{"uv":[3.0,9.125,3.25,9.375],"rotation":0,"texture":"#0","tintindex":0},"south":{"uv":[3.625,9.125,3.875,9.375],"rotation":0,"texture":"#0","tintindex":0},"up":{"uv":[3.125,9.125,2.875,8.75],"rotation":0,"texture":"#0","tintindex":0},"west":{"uv":[2.875,8.75,2.5,9.0],"rotation":0,"texture":"#0","tintindex":0}}},{"name":"flatheel","from":[7.5719357,3.0959296,9.679625],"to":[10.551878,3.691918,13.255555],"rotation":{"angle":0.0,"axis":"x","origin":[18.538124,12.035757,19.215439]},"faces":{"down":{"uv":[8.875,8.5,8.5,8.875],"rotation":0,"texture":"#0","tintindex":0},"east":{"uv":[9.25,7.625,9.625,7.75],"rotation":0,"texture":"#0","tintindex":0},"north":{"uv":[9.25,5.75,9.625,5.875],"rotation":0,"texture":"#0","tintindex":0},"south":{"uv":[9.25,7.75,9.625,7.875],"rotation":0,"texture":"#0","tintindex":0},"up":{"uv":[4.875,8.875,4.5,8.5],"rotation":0,"texture":"#0","tintindex":0},"west":{"uv":[9.625,8.125,9.25,8.25],"rotation":0,"texture":"#0","tintindex":0}}},{"name":"cover","from":[7.393139,4.2879066,8.487648],"to":[11.207465,4.764697,9.679625],"rotation":{"angle":0.0,"axis":"x","origin":[16.154171,14.41971,18.023462]},"faces":{"down":{"uv":[9.625,9.0,9.25,9.125],"rotation":0,"texture":"#0","tintindex":0},"east":{"uv":[6.625,0.75,6.75,0.875],"rotation":0,"texture":"#0","tintindex":0},"north":{"uv":[9.25,8.25,9.625,8.375],"rotation":0,"texture":"#0","tintindex":0},"south":{"uv":[9.25,8.375,9.625,8.5],"rotation":0,"texture":"#0","tintindex":0},"up":{"uv":[9.625,9.0,9.25,8.875],"rotation":0,"texture":"#0","tintindex":0},"west":{"uv":[6.875,0.75,6.75,0.875],"rotation":0,"texture":"#0","tintindex":0}}},{"name":"le2","from":[6.618354,8.4598255,8.487648],"to":[12.5782385,15.611688,14.447533],"rotation":{"angle":0.0,"axis":"x","origin":[9.672796,11.737762,11.467593]},"faces":{"down":{"uv":[8.0,3.0,7.375,3.625],"rotation":0,"texture":"#0","tintindex":0},"east":{"uv":[1.875,6.75,2.5,7.5],"rotation":0,"texture":"#0","tintindex":0},"north":{"uv":[1.25,6.75,1.875,7.5],"rotation":0,"texture":"#0","tintindex":0},"south":{"uv":[6.75,3.25,7.375,4.0],"rotation":0,"texture":"#0","tintindex":0},"up":{"uv":[5.0,8.0,4.375,7.375],"rotation":0,"texture":"#0","tintindex":0},"west":{"uv":[5.625,6.875,5.0,7.625],"rotation":0,"texture":"#0","tintindex":0}}}],"display":{"head":{"translation":[0.0,-6.4,0.0],"rotation":[0.0,0.0,0.0],"scale":[3.8095,3.8095,3.8095]}}}