{"textures":{"0":"modelengine:entity/my appa"},"elements":[{"name":"le4","from":[6.9163475,3.691918,9.158134],"to":[11.088267,8.4598255,13.926042],"rotation":{"angle":0.0,"axis":"x","origin":[17.048151,13.227735,19.28994]},"faces":{"down":{"uv":[8.0,8.125,7.5,8.625],"rotation":0,"texture":"#0","tintindex":0},"east":{"uv":[2.0,8.125,2.5,8.625],"rotation":0,"texture":"#0","tintindex":0},"north":{"uv":[1.5,8.125,2.0,8.625],"rotation":0,"texture":"#0","tintindex":0},"south":{"uv":[5.0,8.125,5.5,8.625],"rotation":0,"texture":"#0","tintindex":0},"up":{"uv":[7.5,8.625,7.0,8.125],"rotation":0,"texture":"#0","tintindex":0},"west":{"uv":[7.0,8.125,6.5,8.625],"rotation":0,"texture":"#0","tintindex":0}}},{"name":"toe3","from":[6.320359,2.4999413,7.3701687],"to":[8.108324,4.2879066,10.9461],"rotation":{"angle":0.0,"axis":"x","origin":[15.856174,12.035757,16.905985]},"faces":{"down":{"uv":[1.25,8.875,1.0,9.25],"rotation":0,"texture":"#0","tintindex":0},"east":{"uv":[3.375,8.75,3.75,9.0],"rotation":0,"texture":"#0","tintindex":0},"north":{"uv":[3.875,9.125,4.125,9.375],"rotation":0,"texture":"#0","tintindex":0},"south":{"uv":[4.125,9.125,4.375,9.375],"rotation":0,"texture":"#0","tintindex":0},"up":{"uv":[1.0,9.25,0.75,8.875],"rotation":0,"texture":"#0","tintindex":0},"west":{"uv":[9.125,6.875,8.75,7.125],"rotation":0,"texture":"#0","tintindex":0}}},{"name":"toe4","from":[8.465918,2.4999413,7.3701687],"to":[9.657894,4.2879066,10.9461],"rotation":{"angle":0.0,"axis":"x","origin":[18.24013,12.035757,16.905985]},"faces":{"down":{"uv":[0.625,9.375,0.5,9.75],"rotation":0,"texture":"#0","tintindex":0},"east":{"uv":[1.875,8.875,2.25,9.125],"rotation":0,"texture":"#0","tintindex":0},"north":{"uv":[9.375,0.25,9.5,0.5],"rotation":0,"texture":"#0","tintindex":0},"south":{"uv":[9.375,1.0,9.5,1.25],"rotation":0,"texture":"#0","tintindex":0},"up":{"uv":[0.5,9.75,0.375,9.375],"rotation":0,"texture":"#0","tintindex":0},"west":{"uv":[4.125,8.875,3.75,9.125],"rotation":0,"texture":"#0","tintindex":0}}},{"name":"toe5","from":[9.89629,2.4999413,7.3701687],"to":[11.684256,4.2879066,10.9461],"rotation":{"angle":0.0,"axis":"x","origin":[19.432106,12.035757,16.905985]},"faces":{"down":{"uv":[6.5,8.875,6.25,9.25],"rotation":0,"texture":"#0","tintindex":0},"east":{"uv":[4.125,8.875,4.5,9.125],"rotation":0,"texture":"#0","tintindex":0},"north":{"uv":[4.375,9.125,4.625,9.375],"rotation":0,"texture":"#0","tintindex":0},"south":{"uv":[4.625,9.125,4.875,9.375],"rotation":0,"texture":"#0","tintindex":0},"up":{"uv":[5.125,9.25,4.875,8.875],"rotation":0,"texture":"#0","tintindex":0},"west":{"uv":[4.875,8.875,4.5,9.125],"rotation":0,"texture":"#0","tintindex":0}}},{"name":"flatheel","from":[7.273941,3.0959296,9.754122],"to":[10.253883,3.691918,13.330054],"rotation":{"angle":0.0,"axis":"x","origin":[18.24013,12.035757,19.28994]},"faces":{"down":{"uv":[8.875,3.0,8.5,3.375],"rotation":0,"texture":"#0","tintindex":0},"east":{"uv":[1.25,9.375,1.625,9.5],"rotation":0,"texture":"#0","tintindex":0},"north":{"uv":[9.25,9.125,9.625,9.25],"rotation":0,"texture":"#0","tintindex":0},"south":{"uv":[1.625,9.375,2.0,9.5],"rotation":0,"texture":"#0","tintindex":0},"up":{"uv":[8.875,3.0,8.5,2.625],"rotation":0,"texture":"#0","tintindex":0},"west":{"uv":[2.375,9.375,2.0,9.5],"rotation":0,"texture":"#0","tintindex":0}}},{"name":"cover","from":[7.0951443,4.2879066,8.562145],"to":[10.909471,4.764697,9.754122],"rotation":{"angle":0.0,"axis":"x","origin":[15.856174,14.41971,18.097961]},"faces":{"down":{"uv":[4.125,9.375,3.75,9.5],"rotation":0,"texture":"#0","tintindex":0},"east":{"uv":[6.875,1.5,7.0,1.625],"rotation":0,"texture":"#0","tintindex":0},"north":{"uv":[2.375,9.375,2.75,9.5],"rotation":0,"texture":"#0","tintindex":0},"south":{"uv":[2.75,9.375,3.125,9.5],"rotation":0,"texture":"#0","tintindex":0},"up":{"uv":[3.75,9.5,3.375,9.375],"rotation":0,"texture":"#0","tintindex":0},"west":{"uv":[7.375,0.625,7.25,0.75],"rotation":0,"texture":"#0","tintindex":0}}},{"name":"le3","from":[6.320359,8.4598255,8.487647],"to":[12.280244,15.611688,14.447532],"rotation":{"angle":0.0,"axis":"x","origin":[9.821794,12.482748,12.436073]},"faces":{"down":{"uv":[2.5,7.5,1.875,8.125],"rotation":0,"texture":"#0","tintindex":0},"east":{"uv":[6.875,0.75,7.5,1.5],"rotation":0,"texture":"#0","tintindex":0},"north":{"uv":[6.875,6.875,7.5,7.625],"rotation":0,"texture":"#0","tintindex":0},"south":{"uv":[5.625,7.0,6.25,7.75],"rotation":0,"texture":"#0","tintindex":0},"up":{"uv":[1.875,8.125,1.25,7.5],"rotation":0,"texture":"#0","tintindex":0},"west":{"uv":[6.875,7.0,6.25,7.75],"rotation":0,"texture":"#0","tintindex":0}}}],"display":{"head":{"translation":[0.0,-6.4,0.0],"rotation":[0.0,0.0,0.0],"scale":[3.8095,3.8095,3.8095]}}}