{"textures":{"0":"modelengine:entity/my appa"},"elements":[{"name":"le5","from":[7.139844,3.691918,9.307131],"to":[11.311763,8.4598255,14.075039],"rotation":{"angle":0.0,"axis":"x","origin":[17.271648,13.227735,19.438934]},"faces":{"down":{"uv":[8.625,7.5,8.125,8.0],"rotation":0,"texture":"#0","tintindex":0},"east":{"uv":[8.125,0.5,8.625,1.0],"rotation":0,"texture":"#0","tintindex":0},"north":{"uv":[8.0,8.125,8.5,8.625],"rotation":0,"texture":"#0","tintindex":0},"south":{"uv":[8.125,1.625,8.625,2.125],"rotation":0,"texture":"#0","tintindex":0},"up":{"uv":[8.625,6.0,8.125,5.5],"rotation":0,"texture":"#0","tintindex":0},"west":{"uv":[8.625,2.125,8.125,2.625],"rotation":0,"texture":"#0","tintindex":0}}},{"name":"toe4","from":[6.5438557,2.4999413,7.5191655],"to":[8.3318205,4.2879066,11.095097],"rotation":{"angle":0.0,"axis":"x","origin":[16.07967,12.035757,17.054981]},"faces":{"down":{"uv":[7.75,8.875,7.5,9.25],"rotation":0,"texture":"#0","tintindex":0},"east":{"uv":[6.5,8.875,6.875,9.125],"rotation":0,"texture":"#0","tintindex":0},"north":{"uv":[6.5,9.125,6.75,9.375],"rotation":0,"texture":"#0","tintindex":0},"south":{"uv":[6.75,9.125,7.0,9.375],"rotation":0,"texture":"#0","tintindex":0},"up":{"uv":[7.5,9.25,7.25,8.875],"rotation":0,"texture":"#0","tintindex":0},"west":{"uv":[7.25,8.875,6.875,9.125],"rotation":0,"texture":"#0","tintindex":0}}},{"name":"toe5","from":[8.689414,2.4999413,7.5191655],"to":[9.881392,4.2879066,11.095097],"rotation":{"angle":0.0,"axis":"x","origin":[18.463623,12.035757,17.054981]},"faces":{"down":{"uv":[4.25,9.375,4.125,9.75],"rotation":0,"texture":"#0","tintindex":0},"east":{"uv":[8.5,8.875,8.875,9.125],"rotation":0,"texture":"#0","tintindex":0},"north":{"uv":[9.375,2.875,9.5,3.125],"rotation":0,"texture":"#0","tintindex":0},"south":{"uv":[9.375,3.625,9.5,3.875],"rotation":0,"texture":"#0","tintindex":0},"up":{"uv":[3.25,9.75,3.125,9.375],"rotation":0,"texture":"#0","tintindex":0},"west":{"uv":[9.25,8.875,8.875,9.125],"rotation":0,"texture":"#0","tintindex":0}}},{"name":"toe6","from":[10.119786,2.4999413,7.5191655],"to":[11.907752,4.2879066,11.095097],"rotation":{"angle":0.0,"axis":"x","origin":[19.655602,12.035757,17.054981]},"faces":{"down":{"uv":[9.125,4.5,8.875,4.875],"rotation":0,"texture":"#0","tintindex":0},"east":{"uv":[8.875,1.75,9.25,2.0],"rotation":0,"texture":"#0","tintindex":0},"north":{"uv":[7.0,9.125,7.25,9.375],"rotation":0,"texture":"#0","tintindex":0},"south":{"uv":[8.5,9.125,8.75,9.375],"rotation":0,"texture":"#0","tintindex":0},"up":{"uv":[9.125,3.25,8.875,2.875],"rotation":0,"texture":"#0","tintindex":0},"west":{"uv":[9.25,2.625,8.875,2.875],"rotation":0,"texture":"#0","tintindex":0}}},{"name":"flatheel","from":[7.497437,3.0959296,9.90312],"to":[10.477379,3.691918,13.479052],"rotation":{"angle":0.0,"axis":"x","origin":[18.463623,12.035757,19.438934]},"faces":{"down":{"uv":[8.875,4.875,8.5,5.25],"rotation":0,"texture":"#0","tintindex":0},"east":{"uv":[6.5,9.375,6.875,9.5],"rotation":0,"texture":"#0","tintindex":0},"north":{"uv":[4.25,9.375,4.625,9.5],"rotation":0,"texture":"#0","tintindex":0},"south":{"uv":[6.875,9.375,7.25,9.5],"rotation":0,"texture":"#0","tintindex":0},"up":{"uv":[8.875,4.875,8.5,4.5],"rotation":0,"texture":"#0","tintindex":0},"west":{"uv":[8.125,9.375,7.75,9.5],"rotation":0,"texture":"#0","tintindex":0}}},{"name":"cover","from":[7.31864,4.2879066,8.711143],"to":[11.132967,4.764697,9.90312],"rotation":{"angle":0.0,"axis":"x","origin":[16.07967,14.41971,18.246958]},"faces":{"down":{"uv":[9.75,0.125,9.375,0.25],"rotation":0,"texture":"#0","tintindex":0},"east":{"uv":[7.375,0.625,7.5,0.75],"rotation":0,"texture":"#0","tintindex":0},"north":{"uv":[8.5,9.375,8.875,9.5],"rotation":0,"texture":"#0","tintindex":0},"south":{"uv":[8.875,9.375,9.25,9.5],"rotation":0,"texture":"#0","tintindex":0},"up":{"uv":[9.75,0.125,9.375,0.0],"rotation":0,"texture":"#0","tintindex":0},"west":{"uv":[5.625,7.625,5.5,7.75],"rotation":0,"texture":"#0","tintindex":0}}},{"name":"le4","from":[6.5438557,8.4598255,8.711143],"to":[12.50374,15.611688,14.671027],"rotation":{"angle":0.0,"axis":"x","origin":[10.641277,11.514267,11.840085]},"faces":{"down":{"uv":[8.125,0.625,7.5,1.25],"rotation":0,"texture":"#0","tintindex":0},"east":{"uv":[7.0,2.25,7.625,3.0],"rotation":0,"texture":"#0","tintindex":0},"north":{"uv":[7.0,1.5,7.625,2.25],"rotation":0,"texture":"#0","tintindex":0},"south":{"uv":[7.0,5.75,7.625,6.5],"rotation":0,"texture":"#0","tintindex":0},"up":{"uv":[8.125,8.125,7.5,7.5],"rotation":0,"texture":"#0","tintindex":0},"west":{"uv":[7.75,4.0,7.125,4.75],"rotation":0,"texture":"#0","tintindex":0}}}],"display":{"head":{"translation":[0.0,-6.4,0.0],"rotation":[0.0,0.0,0.0],"scale":[3.8095,3.8095,3.8095]}}}