{"textures":{"0":"modelengine:entity/appa"},"elements":[{"name":"le2","from":[7.4987698,4.1231956,9.269724],"to":[11.511774,8.709487,13.856015],"rotation":{"angle":0.0,"axis":"x","origin":[9.863578,8.351185,11.419551]},"faces":{"down":{"uv":[8.125,2.125,7.625,2.625],"rotation":0,"texture":"#0","tintindex":0},"east":{"uv":[3.0,5.625,3.5,6.125],"rotation":0,"texture":"#0","tintindex":0},"north":{"uv":[2.0,5.0,2.5,5.5],"rotation":0,"texture":"#0","tintindex":0},"south":{"uv":[5.0,7.625,5.5,8.125],"rotation":0,"texture":"#0","tintindex":0},"up":{"uv":[8.125,2.125,7.625,1.625],"rotation":0,"texture":"#0","tintindex":0},"west":{"uv":[7.375,7.625,6.875,8.125],"rotation":0,"texture":"#0","tintindex":0}}},{"name":"toe1","from":[6.925483,2.976623,7.549865],"to":[8.645343,4.6964827,10.989584],"rotation":{"angle":0.0,"axis":"x","origin":[16.098064,12.149205,16.794107]},"faces":{"down":{"uv":[6.5,8.25,6.25,8.625],"rotation":0,"texture":"#0","tintindex":0},"east":{"uv":[2.625,1.25,3.0,1.5],"rotation":0,"texture":"#0","tintindex":0},"north":{"uv":[6.75,2.5,7.0,2.75],"rotation":0,"texture":"#0","tintindex":0},"south":{"uv":[7.625,6.25,7.875,6.5],"rotation":0,"texture":"#0","tintindex":0},"up":{"uv":[7.0,2.5,6.75,2.125],"rotation":0,"texture":"#0","tintindex":0},"west":{"uv":[3.875,4.75,3.5,5.0],"rotation":0,"texture":"#0","tintindex":0}}},{"name":"toe2","from":[8.989314,2.976623,7.549865],"to":[10.135887,4.6964827,10.989584],"rotation":{"angle":0.0,"axis":"x","origin":[18.39121,12.149205,16.794107]},"faces":{"down":{"uv":[3.0,6.25,2.875,6.625],"rotation":0,"texture":"#0","tintindex":0},"east":{"uv":[5.25,1.625,5.625,1.875],"rotation":0,"texture":"#0","tintindex":0},"north":{"uv":[3.875,4.75,4.0,5.0],"rotation":0,"texture":"#0","tintindex":0},"south":{"uv":[5.625,1.625,5.75,1.875],"rotation":0,"texture":"#0","tintindex":0},"up":{"uv":[2.0,6.25,1.875,5.875],"rotation":0,"texture":"#0","tintindex":0},"west":{"uv":[7.125,4.0,6.75,4.25],"rotation":0,"texture":"#0","tintindex":0}}},{"name":"toe3","from":[10.365202,2.976623,7.549865],"to":[12.08506,4.6964827,10.989584],"rotation":{"angle":0.0,"axis":"x","origin":[19.537785,12.149205,16.794107]},"faces":{"down":{"uv":[8.75,6.875,8.5,7.25],"rotation":0,"texture":"#0","tintindex":0},"east":{"uv":[7.0,3.0,7.375,3.25],"rotation":0,"texture":"#0","tintindex":0},"north":{"uv":[7.75,4.5,8.0,4.75],"rotation":0,"texture":"#0","tintindex":0},"south":{"uv":[8.25,9.0,8.5,9.25],"rotation":0,"texture":"#0","tintindex":0},"up":{"uv":[1.0,8.875,0.75,8.5],"rotation":0,"texture":"#0","tintindex":0},"west":{"uv":[8.875,5.25,8.5,5.5],"rotation":0,"texture":"#0","tintindex":0}}},{"name":"flatheel","from":[7.8427415,3.5499098,9.84301],"to":[10.709173,4.1231956,13.282728],"rotation":{"angle":0.0,"axis":"x","origin":[18.39121,12.149205,19.087254]},"faces":{"down":{"uv":[2.875,6.25,2.5,6.625],"rotation":0,"texture":"#0","tintindex":0},"east":{"uv":[9.125,7.5,9.5,7.625],"rotation":0,"texture":"#0","tintindex":0},"north":{"uv":[9.125,4.75,9.5,4.875],"rotation":0,"texture":"#0","tintindex":0},"south":{"uv":[9.125,8.0,9.5,8.125],"rotation":0,"texture":"#0","tintindex":0},"up":{"uv":[1.875,6.25,1.5,5.875],"rotation":0,"texture":"#0","tintindex":0},"west":{"uv":[9.5,8.75,9.125,8.875],"rotation":0,"texture":"#0","tintindex":0}}},{"name":"cover","from":[7.670756,4.6964827,8.696438],"to":[11.339788,5.1551113,9.84301],"rotation":{"angle":0.0,"axis":"x","origin":[16.098064,14.442351,17.94068]},"faces":{"down":{"uv":[9.625,1.875,9.25,2.0],"rotation":0,"texture":"#0","tintindex":0},"east":{"uv":[5.75,2.75,5.875,2.875],"rotation":0,"texture":"#0","tintindex":0},"north":{"uv":[9.25,1.5,9.625,1.625],"rotation":0,"texture":"#0","tintindex":0},"south":{"uv":[9.25,1.625,9.625,1.75],"rotation":0,"texture":"#0","tintindex":0},"up":{"uv":[9.625,1.875,9.25,1.75],"rotation":0,"texture":"#0","tintindex":0},"west":{"uv":[6.0,2.75,5.875,2.875],"rotation":0,"texture":"#0","tintindex":0}}},{"name":"le1","from":[6.925483,8.709487,8.696438],"to":[12.658347,15.588923,14.429301],"rotation":{"angle":0.0,"axis":"x","origin":[10.07856,11.934222,11.634534]},"faces":{"down":{"uv":[0.625,7.375,0.0,8.0],"rotation":0,"texture":"#0","tintindex":0},"east":{"uv":[6.25,6.25,6.875,7.0],"rotation":0,"texture":"#0","tintindex":0},"north":{"uv":[5.625,6.25,6.25,7.0],"rotation":0,"texture":"#0","tintindex":0},"south":{"uv":[6.25,0.875,6.875,1.625],"rotation":0,"texture":"#0","tintindex":0},"up":{"uv":[7.875,0.625,7.25,0.0],"rotation":0,"texture":"#0","tintindex":0},"west":{"uv":[7.125,4.25,6.5,5.0],"rotation":0,"texture":"#0","tintindex":0}}}],"display":{"head":{"translation":[0.0,-6.4,0.0],"rotation":[0.0,0.0,0.0],"scale":[3.8095,3.8095,3.8095]}}}