{"textures":{"0":"modelengine:entity/appa"},"elements":[{"name":"le3","from":[7.2837877,4.109709,8.983082],"to":[11.296792,8.696,13.569371],"rotation":{"angle":0.0,"axis":"x","origin":[17.029655,13.28229,18.728949]},"faces":{"down":{"uv":[8.375,6.25,7.875,6.75],"rotation":0,"texture":"#0","tintindex":0},"east":{"uv":[5.5,7.75,6.0,8.25],"rotation":0,"texture":"#0","tintindex":0},"north":{"uv":[7.625,5.75,8.125,6.25],"rotation":0,"texture":"#0","tintindex":0},"south":{"uv":[6.0,7.75,6.5,8.25],"rotation":0,"texture":"#0","tintindex":0},"up":{"uv":[8.375,0.5,7.875,0.0],"rotation":0,"texture":"#0","tintindex":0},"west":{"uv":[8.25,4.0,7.75,4.5],"rotation":0,"texture":"#0","tintindex":0}}},{"name":"toe2","from":[6.7105007,2.9631362,7.263222],"to":[8.43036,4.682996,10.70294],"rotation":{"angle":0.0,"axis":"x","origin":[15.883082,12.135718,16.435802]},"faces":{"down":{"uv":[1.875,8.625,1.625,9.0],"rotation":0,"texture":"#0","tintindex":0},"east":{"uv":[8.5,8.125,8.875,8.375],"rotation":0,"texture":"#0","tintindex":0},"north":{"uv":[9.0,0.5,9.25,0.75],"rotation":0,"texture":"#0","tintindex":0},"south":{"uv":[9.0,0.75,9.25,1.0],"rotation":0,"texture":"#0","tintindex":0},"up":{"uv":[1.625,9.0,1.375,8.625],"rotation":0,"texture":"#0","tintindex":0},"west":{"uv":[1.375,8.625,1.0,8.875],"rotation":0,"texture":"#0","tintindex":0}}},{"name":"toe3","from":[8.774332,2.9631362,7.263222],"to":[9.920904,4.682996,10.70294],"rotation":{"angle":0.0,"axis":"x","origin":[18.176228,12.135718,16.435802]},"faces":{"down":{"uv":[3.375,9.125,3.25,9.5],"rotation":0,"texture":"#0","tintindex":0},"east":{"uv":[1.875,8.625,2.25,8.875],"rotation":0,"texture":"#0","tintindex":0},"north":{"uv":[5.625,6.0,5.75,6.25],"rotation":0,"texture":"#0","tintindex":0},"south":{"uv":[6.875,6.25,7.0,6.5],"rotation":0,"texture":"#0","tintindex":0},"up":{"uv":[7.5,8.0,7.375,7.625],"rotation":0,"texture":"#0","tintindex":0},"west":{"uv":[5.25,8.625,4.875,8.875],"rotation":0,"texture":"#0","tintindex":0}}},{"name":"toe4","from":[10.150219,2.9631362,7.263222],"to":[11.870078,4.682996,10.70294],"rotation":{"angle":0.0,"axis":"x","origin":[19.3228,12.135718,16.435802]},"faces":{"down":{"uv":[5.5,8.625,5.25,9.0],"rotation":0,"texture":"#0","tintindex":0},"east":{"uv":[6.25,8.625,6.625,8.875],"rotation":0,"texture":"#0","tintindex":0},"north":{"uv":[9.0,1.25,9.25,1.5],"rotation":0,"texture":"#0","tintindex":0},"south":{"uv":[9.0,1.5,9.25,1.75],"rotation":0,"texture":"#0","tintindex":0},"up":{"uv":[2.5,9.0,2.25,8.625],"rotation":0,"texture":"#0","tintindex":0},"west":{"uv":[7.0,8.625,6.625,8.875],"rotation":0,"texture":"#0","tintindex":0}}},{"name":"flatheel","from":[7.627759,3.536423,9.556368],"to":[10.49419,4.109709,12.996085],"rotation":{"angle":0.0,"axis":"x","origin":[18.176228,12.135718,18.728949]},"faces":{"down":{"uv":[6.875,7.75,6.5,8.125],"rotation":0,"texture":"#0","tintindex":0},"east":{"uv":[9.25,2.25,9.625,2.375],"rotation":0,"texture":"#0","tintindex":0},"north":{"uv":[9.25,2.125,9.625,2.25],"rotation":0,"texture":"#0","tintindex":0},"south":{"uv":[9.25,2.375,9.625,2.5],"rotation":0,"texture":"#0","tintindex":0},"up":{"uv":[8.0,3.0,7.625,2.625],"rotation":0,"texture":"#0","tintindex":0},"west":{"uv":[9.625,2.5,9.25,2.625],"rotation":0,"texture":"#0","tintindex":0}}},{"name":"cover","from":[7.4557734,4.682996,8.409795],"to":[11.124805,5.1416245,9.556368],"rotation":{"angle":0.0,"axis":"x","origin":[15.883082,14.428863,17.582376]},"faces":{"down":{"uv":[9.625,3.5,9.25,3.625],"rotation":0,"texture":"#0","tintindex":0},"east":{"uv":[6.0,0.875,6.125,1.0],"rotation":0,"texture":"#0","tintindex":0},"north":{"uv":[9.25,2.625,9.625,2.75],"rotation":0,"texture":"#0","tintindex":0},"south":{"uv":[9.25,2.75,9.625,2.875],"rotation":0,"texture":"#0","tintindex":0},"up":{"uv":[9.625,3.5,9.25,3.375],"rotation":0,"texture":"#0","tintindex":0},"west":{"uv":[6.25,0.875,6.125,1.0],"rotation":0,"texture":"#0","tintindex":0}}},{"name":"le2","from":[6.7105007,8.696,8.409795],"to":[12.443364,15.575436,14.142657],"rotation":{"angle":0.0,"axis":"x","origin":[10.365204,11.849077,11.921176]},"faces":{"down":{"uv":[3.125,7.375,2.5,8.0],"rotation":0,"texture":"#0","tintindex":0},"east":{"uv":[0.0,6.625,0.625,7.375],"rotation":0,"texture":"#0","tintindex":0},"north":{"uv":[6.5,5.0,7.125,5.75],"rotation":0,"texture":"#0","tintindex":0},"south":{"uv":[0.625,6.625,1.25,7.375],"rotation":0,"texture":"#0","tintindex":0},"up":{"uv":[1.25,8.0,0.625,7.375],"rotation":0,"texture":"#0","tintindex":0},"west":{"uv":[3.125,6.625,2.5,7.375],"rotation":0,"texture":"#0","tintindex":0}}}],"display":{"head":{"translation":[0.0,-6.4,0.0],"rotation":[0.0,0.0,0.0],"scale":[3.8095,3.8095,3.8095]}}}