{"textures":{"0":"modelengine:entity/appa"},"elements":[{"name":"le4","from":[7.1404657,4.109709,8.83976],"to":[11.15347,8.696,13.42605],"rotation":{"angle":0.0,"axis":"x","origin":[16.886333,13.28229,18.585629]},"faces":{"down":{"uv":[8.0,8.125,7.5,8.625],"rotation":0,"texture":"#0","tintindex":0},"east":{"uv":[2.0,8.125,2.5,8.625],"rotation":0,"texture":"#0","tintindex":0},"north":{"uv":[1.5,8.125,2.0,8.625],"rotation":0,"texture":"#0","tintindex":0},"south":{"uv":[5.0,8.125,5.5,8.625],"rotation":0,"texture":"#0","tintindex":0},"up":{"uv":[7.5,8.625,7.0,8.125],"rotation":0,"texture":"#0","tintindex":0},"west":{"uv":[7.0,8.125,6.5,8.625],"rotation":0,"texture":"#0","tintindex":0}}},{"name":"toe3","from":[6.5671797,2.9631362,7.1199007],"to":[8.287039,4.682996,10.559619],"rotation":{"angle":0.0,"axis":"x","origin":[15.739761,12.135718,16.292482]},"faces":{"down":{"uv":[1.25,8.875,1.0,9.25],"rotation":0,"texture":"#0","tintindex":0},"east":{"uv":[3.375,8.75,3.75,9.0],"rotation":0,"texture":"#0","tintindex":0},"north":{"uv":[3.875,9.125,4.125,9.375],"rotation":0,"texture":"#0","tintindex":0},"south":{"uv":[4.125,9.125,4.375,9.375],"rotation":0,"texture":"#0","tintindex":0},"up":{"uv":[1.0,9.25,0.75,8.875],"rotation":0,"texture":"#0","tintindex":0},"west":{"uv":[9.125,6.875,8.75,7.125],"rotation":0,"texture":"#0","tintindex":0}}},{"name":"toe4","from":[8.63101,2.9631362,7.1199007],"to":[9.777582,4.682996,10.559619],"rotation":{"angle":0.0,"axis":"x","origin":[18.032906,12.135718,16.292482]},"faces":{"down":{"uv":[0.625,9.375,0.5,9.75],"rotation":0,"texture":"#0","tintindex":0},"east":{"uv":[1.875,8.875,2.25,9.125],"rotation":0,"texture":"#0","tintindex":0},"north":{"uv":[9.375,0.25,9.5,0.5],"rotation":0,"texture":"#0","tintindex":0},"south":{"uv":[9.375,1.0,9.5,1.25],"rotation":0,"texture":"#0","tintindex":0},"up":{"uv":[0.5,9.75,0.375,9.375],"rotation":0,"texture":"#0","tintindex":0},"west":{"uv":[4.125,8.875,3.75,9.125],"rotation":0,"texture":"#0","tintindex":0}}},{"name":"toe5","from":[10.006897,2.9631362,7.1199007],"to":[11.726756,4.682996,10.559619],"rotation":{"angle":0.0,"axis":"x","origin":[19.17948,12.135718,16.292482]},"faces":{"down":{"uv":[6.5,8.875,6.25,9.25],"rotation":0,"texture":"#0","tintindex":0},"east":{"uv":[4.125,8.875,4.5,9.125],"rotation":0,"texture":"#0","tintindex":0},"north":{"uv":[4.375,9.125,4.625,9.375],"rotation":0,"texture":"#0","tintindex":0},"south":{"uv":[4.625,9.125,4.875,9.375],"rotation":0,"texture":"#0","tintindex":0},"up":{"uv":[5.125,9.25,4.875,8.875],"rotation":0,"texture":"#0","tintindex":0},"west":{"uv":[4.875,8.875,4.5,9.125],"rotation":0,"texture":"#0","tintindex":0}}},{"name":"flatheel","from":[7.4844375,3.536423,9.413046],"to":[10.350868,4.109709,12.852764],"rotation":{"angle":0.0,"axis":"x","origin":[18.032906,12.135718,18.585629]},"faces":{"down":{"uv":[8.875,3.0,8.5,3.375],"rotation":0,"texture":"#0","tintindex":0},"east":{"uv":[1.25,9.375,1.625,9.5],"rotation":0,"texture":"#0","tintindex":0},"north":{"uv":[9.25,9.125,9.625,9.25],"rotation":0,"texture":"#0","tintindex":0},"south":{"uv":[1.625,9.375,2.0,9.5],"rotation":0,"texture":"#0","tintindex":0},"up":{"uv":[8.875,3.0,8.5,2.625],"rotation":0,"texture":"#0","tintindex":0},"west":{"uv":[2.375,9.375,2.0,9.5],"rotation":0,"texture":"#0","tintindex":0}}},{"name":"cover","from":[7.3124514,4.682996,8.266474],"to":[10.981483,5.1416245,9.413046],"rotation":{"angle":0.0,"axis":"x","origin":[15.739761,14.428863,17.439056]},"faces":{"down":{"uv":[4.125,9.375,3.75,9.5],"rotation":0,"texture":"#0","tintindex":0},"east":{"uv":[6.875,1.5,7.0,1.625],"rotation":0,"texture":"#0","tintindex":0},"north":{"uv":[2.375,9.375,2.75,9.5],"rotation":0,"texture":"#0","tintindex":0},"south":{"uv":[2.75,9.375,3.125,9.5],"rotation":0,"texture":"#0","tintindex":0},"up":{"uv":[3.75,9.5,3.375,9.375],"rotation":0,"texture":"#0","tintindex":0},"west":{"uv":[7.375,0.625,7.25,0.75],"rotation":0,"texture":"#0","tintindex":0}}},{"name":"le3","from":[6.5671797,8.696,8.194813],"to":[12.300043,15.575436,13.927676],"rotation":{"angle":0.0,"axis":"x","origin":[9.935238,12.565683,11.992838]},"faces":{"down":{"uv":[2.5,7.5,1.875,8.125],"rotation":0,"texture":"#0","tintindex":0},"east":{"uv":[6.875,0.75,7.5,1.5],"rotation":0,"texture":"#0","tintindex":0},"north":{"uv":[6.875,6.875,7.5,7.625],"rotation":0,"texture":"#0","tintindex":0},"south":{"uv":[5.625,7.0,6.25,7.75],"rotation":0,"texture":"#0","tintindex":0},"up":{"uv":[1.875,8.125,1.25,7.5],"rotation":0,"texture":"#0","tintindex":0},"west":{"uv":[6.875,7.0,6.25,7.75],"rotation":0,"texture":"#0","tintindex":0}}}],"display":{"head":{"translation":[0.0,-6.4,0.0],"rotation":[0.0,0.0,0.0],"scale":[3.8095,3.8095,3.8095]}}}