{"textures":{"0":"modelengine:entity/appa"},"elements":[{"name":"le5","from":[7.3554482,4.109709,8.983082],"to":[11.368452,8.696,13.569371],"rotation":{"angle":0.0,"axis":"x","origin":[17.101315,13.28229,18.728949]},"faces":{"down":{"uv":[8.625,7.5,8.125,8.0],"rotation":0,"texture":"#0","tintindex":0},"east":{"uv":[8.125,0.5,8.625,1.0],"rotation":0,"texture":"#0","tintindex":0},"north":{"uv":[8.0,8.125,8.5,8.625],"rotation":0,"texture":"#0","tintindex":0},"south":{"uv":[8.125,1.625,8.625,2.125],"rotation":0,"texture":"#0","tintindex":0},"up":{"uv":[8.625,6.0,8.125,5.5],"rotation":0,"texture":"#0","tintindex":0},"west":{"uv":[8.625,2.125,8.125,2.625],"rotation":0,"texture":"#0","tintindex":0}}},{"name":"toe4","from":[6.7821617,2.9631362,7.2632217],"to":[8.502021,4.682996,10.70294],"rotation":{"angle":0.0,"axis":"x","origin":[15.954742,12.135718,16.435802]},"faces":{"down":{"uv":[7.75,8.875,7.5,9.25],"rotation":0,"texture":"#0","tintindex":0},"east":{"uv":[6.5,8.875,6.875,9.125],"rotation":0,"texture":"#0","tintindex":0},"north":{"uv":[6.5,9.125,6.75,9.375],"rotation":0,"texture":"#0","tintindex":0},"south":{"uv":[6.75,9.125,7.0,9.375],"rotation":0,"texture":"#0","tintindex":0},"up":{"uv":[7.5,9.25,7.25,8.875],"rotation":0,"texture":"#0","tintindex":0},"west":{"uv":[7.25,8.875,6.875,9.125],"rotation":0,"texture":"#0","tintindex":0}}},{"name":"toe5","from":[8.845993,2.9631362,7.2632217],"to":[9.992565,4.682996,10.70294],"rotation":{"angle":0.0,"axis":"x","origin":[18.24789,12.135718,16.435802]},"faces":{"down":{"uv":[4.25,9.375,4.125,9.75],"rotation":0,"texture":"#0","tintindex":0},"east":{"uv":[8.5,8.875,8.875,9.125],"rotation":0,"texture":"#0","tintindex":0},"north":{"uv":[9.375,2.875,9.5,3.125],"rotation":0,"texture":"#0","tintindex":0},"south":{"uv":[9.375,3.625,9.5,3.875],"rotation":0,"texture":"#0","tintindex":0},"up":{"uv":[3.25,9.75,3.125,9.375],"rotation":0,"texture":"#0","tintindex":0},"west":{"uv":[9.25,8.875,8.875,9.125],"rotation":0,"texture":"#0","tintindex":0}}},{"name":"toe6","from":[10.22188,2.9631362,7.2632217],"to":[11.941738,4.682996,10.70294],"rotation":{"angle":0.0,"axis":"x","origin":[19.394463,12.135718,16.435802]},"faces":{"down":{"uv":[9.125,4.5,8.875,4.875],"rotation":0,"texture":"#0","tintindex":0},"east":{"uv":[8.875,1.75,9.25,2.0],"rotation":0,"texture":"#0","tintindex":0},"north":{"uv":[7.0,9.125,7.25,9.375],"rotation":0,"texture":"#0","tintindex":0},"south":{"uv":[8.5,9.125,8.75,9.375],"rotation":0,"texture":"#0","tintindex":0},"up":{"uv":[9.125,3.25,8.875,2.875],"rotation":0,"texture":"#0","tintindex":0},"west":{"uv":[9.25,2.625,8.875,2.875],"rotation":0,"texture":"#0","tintindex":0}}},{"name":"flatheel","from":[7.69942,3.536423,9.556368],"to":[10.565851,4.109709,12.996085],"rotation":{"angle":0.0,"axis":"x","origin":[18.24789,12.135718,18.728949]},"faces":{"down":{"uv":[8.875,4.875,8.5,5.25],"rotation":0,"texture":"#0","tintindex":0},"east":{"uv":[6.5,9.375,6.875,9.5],"rotation":0,"texture":"#0","tintindex":0},"north":{"uv":[4.25,9.375,4.625,9.5],"rotation":0,"texture":"#0","tintindex":0},"south":{"uv":[6.875,9.375,7.25,9.5],"rotation":0,"texture":"#0","tintindex":0},"up":{"uv":[8.875,4.875,8.5,4.5],"rotation":0,"texture":"#0","tintindex":0},"west":{"uv":[8.125,9.375,7.75,9.5],"rotation":0,"texture":"#0","tintindex":0}}},{"name":"cover","from":[7.527434,4.682996,8.409795],"to":[11.196466,5.1416245,9.556368],"rotation":{"angle":0.0,"axis":"x","origin":[15.954742,14.428863,17.582376]},"faces":{"down":{"uv":[9.75,0.125,9.375,0.25],"rotation":0,"texture":"#0","tintindex":0},"east":{"uv":[7.375,0.625,7.5,0.75],"rotation":0,"texture":"#0","tintindex":0},"north":{"uv":[8.5,9.375,8.875,9.5],"rotation":0,"texture":"#0","tintindex":0},"south":{"uv":[8.875,9.375,9.25,9.5],"rotation":0,"texture":"#0","tintindex":0},"up":{"uv":[9.75,0.125,9.375,0.0],"rotation":0,"texture":"#0","tintindex":0},"west":{"uv":[5.625,7.625,5.5,7.75],"rotation":0,"texture":"#0","tintindex":0}}},{"name":"le4","from":[6.7821617,8.696,8.409795],"to":[12.515025,15.575436,14.142657],"rotation":{"angle":0.0,"axis":"x","origin":[10.723507,11.634092,11.419551]},"faces":{"down":{"uv":[8.125,0.625,7.5,1.25],"rotation":0,"texture":"#0","tintindex":0},"east":{"uv":[7.0,2.25,7.625,3.0],"rotation":0,"texture":"#0","tintindex":0},"north":{"uv":[7.0,1.5,7.625,2.25],"rotation":0,"texture":"#0","tintindex":0},"south":{"uv":[7.0,5.75,7.625,6.5],"rotation":0,"texture":"#0","tintindex":0},"up":{"uv":[8.125,8.125,7.5,7.5],"rotation":0,"texture":"#0","tintindex":0},"west":{"uv":[7.75,4.0,7.125,4.75],"rotation":0,"texture":"#0","tintindex":0}}}],"display":{"head":{"translation":[0.0,-6.4,0.0],"rotation":[0.0,0.0,0.0],"scale":[3.8095,3.8095,3.8095]}}}