{"textures":{"0":"modelengine:entity/flospie"},"elements":[{"name":"cube","from":[1.7579131,11.916762,0.3742795],"to":[14.242086,27.65768,8.516132],"rotation":{"angle":0.0,"axis":"x","origin":[7.7286053,17.344666,7.973342]},"faces":{"down":{"uv":[3.8125,2.5625,2.375,3.5],"rotation":0,"texture":"#0","tintindex":0},"east":{"uv":[0.0,3.5,0.9375,5.3125],"rotation":0,"texture":"#0","tintindex":0},"north":{"uv":[0.9375,3.5,2.375,5.3125],"rotation":0,"texture":"#0","tintindex":0},"south":{"uv":[3.3125,3.5,4.75,5.3125],"rotation":0,"texture":"#0","tintindex":0},"up":{"uv":[2.375,3.5,0.9375,2.5625],"rotation":0,"texture":"#0","tintindex":0},"west":{"uv":[2.375,3.5,3.3125,5.3125],"rotation":0,"texture":"#0","tintindex":0}}},{"name":"cube","from":[8.0,24.400936,0.537117],"to":[8.0,32.0,13.02129],"rotation":{"angle":0.0,"axis":"x","origin":[13.970692,33.085583,8.136179]},"faces":{"down":{"uv":[7.25,7.4375,7.25,8.875],"rotation":0,"texture":"#0","tintindex":0},"east":{"uv":[5.8125,8.875,7.25,9.75],"rotation":0,"texture":"#0","tintindex":0},"north":{"uv":[7.25,8.875,7.25,9.75],"rotation":0,"texture":"#0","tintindex":0},"south":{"uv":[8.6875,8.875,8.6875,9.75],"rotation":0,"texture":"#0","tintindex":0},"up":{"uv":[7.25,8.875,7.25,7.4375],"rotation":0,"texture":"#0","tintindex":0},"west":{"uv":[7.25,8.875,8.6875,9.75],"rotation":0,"texture":"#0","tintindex":0}}}],"display":{"head":{"translation":[0.0,3.8238997,0.0],"rotation":[0.0,0.0,0.0],"scale":[3.8095,3.8095,3.8095]}}}