{"textures":{"0":"modelengine:entity/flospie"},"elements":[{"name":"cube","from":[0.69219065,3.402284,3.8558939],"to":[6.1200924,11.001347,9.826586],"rotation":{"angle":0.0,"axis":"x","origin":[3.8033054,7.271512,6.781561]},"faces":{"down":{"uv":[10.625,8.875,10.0,9.5625],"rotation":0,"texture":"#0","tintindex":0},"east":{"uv":[8.6875,9.5625,9.375,10.4375],"rotation":0,"texture":"#0","tintindex":0},"north":{"uv":[9.375,9.5625,10.0,10.4375],"rotation":0,"texture":"#0","tintindex":0},"south":{"uv":[10.6875,9.5625,11.3125,10.4375],"rotation":0,"texture":"#0","tintindex":0},"up":{"uv":[10.0,9.5625,9.375,8.875],"rotation":0,"texture":"#0","tintindex":0},"west":{"uv":[10.0,9.5625,10.6875,10.4375],"rotation":0,"texture":"#0","tintindex":0}}}],"display":{"head":{"translation":[0.0,-6.4,0.0],"rotation":[0.0,0.0,0.0],"scale":[3.8095,3.8095,3.8095]}}}