{"textures":{"0":"modelengine:entity/flospie"},"elements":[{"name":"cube","from":[7.1315355,24.914043,22.574398],"to":[8.8684635,28.822128,24.311325],"rotation":{"angle":0.0,"axis":"x","origin":[7.185815,24.968319,22.628677]},"faces":{"down":{"uv":[6.875,0.0,6.6875,0.1875],"rotation":0,"texture":"#0","tintindex":0},"east":{"uv":[6.3125,0.1875,6.5,0.625],"rotation":0,"texture":"#0","tintindex":0},"north":{"uv":[6.5,0.1875,6.6875,0.625],"rotation":0,"texture":"#0","tintindex":0},"south":{"uv":[6.875,0.1875,7.0625,0.625],"rotation":0,"texture":"#0","tintindex":0},"up":{"uv":[6.6875,0.1875,6.5,0.0],"rotation":0,"texture":"#0","tintindex":0},"west":{"uv":[6.6875,0.1875,6.875,0.625],"rotation":0,"texture":"#0","tintindex":0}}}],"display":{"head":{"translation":[0.0,-6.4,0.0],"rotation":[0.0,0.0,0.0],"scale":[3.8095,3.8095,3.8095]}}}