{"textures":{"0":"modelengine:entity/flospie"},"elements":[{"name":"cube","from":[3.5385294,-0.5856705,3.874882],"to":[10.0520115,10.270132,12.016734],"rotation":{"angle":0.0,"axis":"x","origin":[4.907586,4.600451,3.3397677]},"faces":{"down":{"uv":[5.75,6.375,5.0,7.3125],"rotation":0,"texture":"#0","tintindex":0},"east":{"uv":[3.3125,7.3125,4.25,8.5625],"rotation":0,"texture":"#0","tintindex":0},"north":{"uv":[4.25,7.3125,5.0,8.5625],"rotation":0,"texture":"#0","tintindex":0},"south":{"uv":[5.9375,7.3125,6.6875,8.5625],"rotation":0,"texture":"#0","tintindex":0},"up":{"uv":[5.0,7.3125,4.25,6.375],"rotation":0,"texture":"#0","tintindex":0},"west":{"uv":[5.0,7.3125,5.9375,8.5625],"rotation":0,"texture":"#0","tintindex":0}}}],"display":{"head":{"translation":[0.0,-6.4,0.0],"rotation":[0.0,0.0,0.0],"scale":[3.8095,3.8095,3.8095]}}}