{"textures":{"0":"modelengine:entity/flospie"},"elements":[{"name":"cube","from":[7.2400937,25.022598,22.682957],"to":[8.759906,29.256363,24.202766],"rotation":{"angle":0.0,"axis":"x","origin":[7.185815,24.968319,22.628677]},"faces":{"down":{"uv":[5.0,0.0,4.8125,0.1875],"rotation":0,"texture":"#0","tintindex":0},"east":{"uv":[4.4375,0.1875,4.625,0.6875],"rotation":0,"texture":"#0","tintindex":0},"north":{"uv":[4.625,0.1875,4.8125,0.6875],"rotation":0,"texture":"#0","tintindex":0},"south":{"uv":[5.0,0.1875,5.1875,0.6875],"rotation":0,"texture":"#0","tintindex":0},"up":{"uv":[4.8125,0.1875,4.625,0.0],"rotation":0,"texture":"#0","tintindex":0},"west":{"uv":[4.8125,0.1875,5.0,0.6875],"rotation":0,"texture":"#0","tintindex":0}}}],"display":{"head":{"translation":[0.0,-6.4,0.0],"rotation":[0.0,0.0,0.0],"scale":[3.8095,3.8095,3.8095]}}}