{"textures":{"0":"modelengine:entity/flospie"},"elements":[{"name":"cube","from":[3.2777257,6.4408917,1.6503192],"to":[12.722274,7.7435875,6.7525473],"rotation":{"angle":0.0,"axis":"x","origin":[23.795193,15.045853,-14.956235]},"faces":{"down":{"uv":[6.625,3.5,5.6875,3.9375],"rotation":0,"texture":"#0","tintindex":0},"east":{"uv":[4.3125,3.9375,4.75,3.9375],"rotation":0,"texture":"#0","tintindex":0},"north":{"uv":[4.75,3.9375,5.6875,3.9375],"rotation":0,"texture":"#0","tintindex":0},"south":{"uv":[6.125,3.9375,7.0625,3.9375],"rotation":0,"texture":"#0","tintindex":0},"up":{"uv":[5.6875,3.9375,4.75,3.5],"rotation":0,"texture":"#0","tintindex":0},"west":{"uv":[5.6875,3.9375,6.125,3.9375],"rotation":0,"texture":"#0","tintindex":0}}}],"display":{"head":{"translation":[0.0,-6.4,0.0],"rotation":[0.0,0.0,0.0],"scale":[3.8095,3.8095,3.8095]}}}