{"textures":{"0":"modelengine:entity/flospie"},"elements":[{"name":"cube","from":[2.7403638,26.30185,10.581337],"to":[3.8150878,31.718895,11.656061],"rotation":{"angle":0.0,"axis":"x","origin":[23.686638,34.738544,-6.6819944]},"faces":{"down":{"uv":[0.375,7.0625,0.25,7.1875],"rotation":0,"texture":"#0","tintindex":0},"east":{"uv":[0.0,7.1875,0.125,7.8125],"rotation":0,"texture":"#0","tintindex":0},"north":{"uv":[0.125,7.1875,0.25,7.8125],"rotation":0,"texture":"#0","tintindex":0},"south":{"uv":[0.375,7.1875,0.5,7.8125],"rotation":0,"texture":"#0","tintindex":0},"up":{"uv":[0.25,7.1875,0.125,7.0625],"rotation":0,"texture":"#0","tintindex":0},"west":{"uv":[0.25,7.1875,0.375,7.8125],"rotation":0,"texture":"#0","tintindex":0}}}],"display":{"head":{"translation":[0.0,-6.4,0.0],"rotation":[0.0,0.0,0.0],"scale":[3.8095,3.8095,3.8095]}}}