{"textures":{"0":"modelengine:entity/flospie"},"elements":[{"name":"cube","from":[8.271395,24.50555,7.4615774],"to":[10.442555,26.133919,12.346688],"rotation":{"angle":0.0,"axis":"x","origin":[6.381895,17.369259,33.64732]},"faces":{"down":{"uv":[11.125,7.8125,10.875,8.375],"rotation":0,"texture":"#0","tintindex":0},"east":{"uv":[10.0625,8.375,10.625,8.5625],"rotation":0,"texture":"#0","tintindex":0},"north":{"uv":[10.625,8.375,10.875,8.5625],"rotation":0,"texture":"#0","tintindex":0},"south":{"uv":[11.4375,8.375,11.6875,8.5625],"rotation":0,"texture":"#0","tintindex":0},"up":{"uv":[10.875,8.375,10.625,7.8125],"rotation":0,"texture":"#0","tintindex":0},"west":{"uv":[10.875,8.375,11.4375,8.5625],"rotation":0,"texture":"#0","tintindex":0}}},{"name":"cube","from":[5.5574436,24.50555,7.4615774],"to":[7.728605,26.133919,12.346688],"rotation":{"angle":0.0,"axis":"x","origin":[3.6679442,17.369259,33.64732]},"faces":{"down":{"uv":[8.625,9.875,8.375,10.4375],"rotation":0,"texture":"#0","tintindex":0},"east":{"uv":[7.5625,10.4375,8.125,10.625],"rotation":0,"texture":"#0","tintindex":0},"north":{"uv":[8.125,10.4375,8.375,10.625],"rotation":0,"texture":"#0","tintindex":0},"south":{"uv":[8.9375,10.4375,9.1875,10.625],"rotation":0,"texture":"#0","tintindex":0},"up":{"uv":[8.375,10.4375,8.125,9.875],"rotation":0,"texture":"#0","tintindex":0},"west":{"uv":[8.375,10.4375,8.9375,10.625],"rotation":0,"texture":"#0","tintindex":0}}}],"display":{"head":{"translation":[0.0,-6.4,0.0],"rotation":[0.0,0.0,0.0],"scale":[3.8095,3.8095,3.8095]}}}