{"textures":{"0":"modelengine:entity/flospie"},"elements":[{"name":"cube","from":[2.7349353,20.434288,7.427725],"to":[13.265065,30.421623,14.701114],"rotation":{"angle":0.0,"axis":"x","origin":[24.880772,34.73854,-6.6819925]},"faces":{"down":{"uv":[5.125,8.5625,4.0625,9.25],"rotation":0,"texture":"#0","tintindex":0},"east":{"uv":[2.3125,9.25,3.0,10.25],"rotation":0,"texture":"#0","tintindex":0},"north":{"uv":[3.0,9.25,4.0625,10.25],"rotation":0,"texture":"#0","tintindex":0},"south":{"uv":[4.75,9.25,5.8125,10.25],"rotation":0,"texture":"#0","tintindex":0},"up":{"uv":[4.0625,9.25,3.0,8.5625],"rotation":0,"texture":"#0","tintindex":0},"west":{"uv":[4.0625,9.25,4.75,10.25],"rotation":0,"texture":"#0","tintindex":0}}}],"display":{"head":{"translation":[0.0,-6.4,0.0],"rotation":[0.0,0.0,0.0],"scale":[3.8095,3.8095,3.8095]}}}