{"textures":{"0":"modelengine:entity/flospie"},"elements":[{"name":"cube","from":[4.363306,22.008377,9.924561],"to":[11.636694,26.567814,15.02679],"rotation":{"angle":0.0,"axis":"x","origin":[24.337986,34.738544,-6.6819944]},"faces":{"down":{"uv":[8.875,0.0,8.1875,0.4375],"rotation":0,"texture":"#0","tintindex":0},"east":{"uv":[7.0625,0.4375,7.5,0.8125],"rotation":0,"texture":"#0","tintindex":0},"north":{"uv":[7.5,0.4375,8.1875,0.8125],"rotation":0,"texture":"#0","tintindex":0},"south":{"uv":[8.625,0.4375,9.3125,0.8125],"rotation":0,"texture":"#0","tintindex":0},"up":{"uv":[8.1875,0.4375,7.5,0.0],"rotation":0,"texture":"#0","tintindex":0},"west":{"uv":[8.1875,0.4375,8.625,0.8125],"rotation":0,"texture":"#0","tintindex":0}}}],"display":{"head":{"translation":[0.0,-6.4,0.0],"rotation":[0.0,0.0,0.0],"scale":[3.8095,3.8095,3.8095]}}}