{"textures":{"0":"modelengine:entity/flospie"},"elements":[{"name":"cube","from":[2.300703,14.655307,-1.7968812],"to":[13.699298,22.797161,7.973342],"rotation":{"angle":0.0,"axis":"x","origin":[8.271395,20.08321,7.973342]},"faces":{"down":{"uv":[8.75,1.4375,7.4375,2.5625],"rotation":0,"texture":"#0","tintindex":0},"east":{"uv":[5.0,2.5625,6.125,3.5],"rotation":0,"texture":"#0","tintindex":0},"north":{"uv":[6.125,2.5625,7.4375,3.5],"rotation":0,"texture":"#0","tintindex":0},"south":{"uv":[8.5625,2.5625,9.875,3.5],"rotation":0,"texture":"#0","tintindex":0},"up":{"uv":[7.4375,2.5625,6.125,1.4375],"rotation":0,"texture":"#0","tintindex":0},"west":{"uv":[7.4375,2.5625,8.5625,3.5],"rotation":0,"texture":"#0","tintindex":0}}},{"name":"cube","from":[1.9750288,14.6010275,7.919063],"to":[14.024971,25.022598,12.369943],"rotation":{"angle":0.0,"axis":"x","origin":[8.0,20.08321,18.286354]},"faces":{"down":{"uv":[10.125,3.5,8.75,4.0],"rotation":0,"texture":"#0","tintindex":0},"east":{"uv":[6.875,4.0,7.375,5.1875],"rotation":0,"texture":"#0","tintindex":0},"north":{"uv":[7.375,4.0,8.75,5.1875],"rotation":0,"texture":"#0","tintindex":0},"south":{"uv":[9.25,4.0,10.625,5.1875],"rotation":0,"texture":"#0","tintindex":0},"up":{"uv":[8.75,4.0,7.375,3.5],"rotation":0,"texture":"#0","tintindex":0},"west":{"uv":[8.75,4.0,9.25,5.1875],"rotation":0,"texture":"#0","tintindex":0}}}],"display":{"head":{"translation":[0.0,-6.4,0.0],"rotation":[0.0,0.0,0.0],"scale":[3.8095,3.8095,3.8095]}}}