{"textures":{"0":"modelengine:entity/flospie"},"elements":[{"name":"cube","from":[5.5574446,24.50555,7.4615774],"to":[7.7286053,26.133919,12.346688],"rotation":{"angle":0.0,"axis":"x","origin":[9.618105,17.369259,33.64732]},"faces":{"down":{"uv":[1.0625,0.75,0.8125,1.3125],"rotation":0,"texture":"#0","tintindex":0},"east":{"uv":[0.0,1.3125,0.5625,1.5],"rotation":0,"texture":"#0","tintindex":0},"north":{"uv":[0.5625,1.3125,0.8125,1.5],"rotation":0,"texture":"#0","tintindex":0},"south":{"uv":[1.375,1.3125,1.625,1.5],"rotation":0,"texture":"#0","tintindex":0},"up":{"uv":[0.8125,1.3125,0.5625,0.75],"rotation":0,"texture":"#0","tintindex":0},"west":{"uv":[0.8125,1.3125,1.375,1.5],"rotation":0,"texture":"#0","tintindex":0}}},{"name":"cube","from":[8.271396,24.50555,7.4615774],"to":[10.442556,26.133919,12.346688],"rotation":{"angle":0.0,"axis":"x","origin":[12.332056,17.369259,33.64732]},"faces":{"down":{"uv":[1.0625,0.0,0.8125,0.5625],"rotation":0,"texture":"#0","tintindex":0},"east":{"uv":[0.0,0.5625,0.5625,0.75],"rotation":0,"texture":"#0","tintindex":0},"north":{"uv":[0.5625,0.5625,0.8125,0.75],"rotation":0,"texture":"#0","tintindex":0},"south":{"uv":[1.375,0.5625,1.625,0.75],"rotation":0,"texture":"#0","tintindex":0},"up":{"uv":[0.8125,0.5625,0.5625,0.0],"rotation":0,"texture":"#0","tintindex":0},"west":{"uv":[0.8125,0.5625,1.375,0.75],"rotation":0,"texture":"#0","tintindex":0}}}],"display":{"head":{"translation":[0.0,-6.4,0.0],"rotation":[0.0,0.0,0.0],"scale":[3.8095,3.8095,3.8095]}}}