{"textures":{"0":"modelengine:entity/flospie"},"elements":[{"name":"cube","from":[5.181137,6.7232122,8.034817],"to":[11.151829,8.894373,10.205977],"rotation":{"angle":0.0,"axis":"x","origin":[2.5654788,16.521976,-0.30089784]},"faces":{"down":{"uv":[7.375,6.375,6.6875,6.625],"rotation":0,"texture":"#0","tintindex":0},"east":{"uv":[5.75,6.625,6.0,6.875],"rotation":0,"texture":"#0","tintindex":0},"north":{"uv":[6.0,6.625,6.6875,6.875],"rotation":0,"texture":"#0","tintindex":0},"south":{"uv":[6.9375,6.625,7.625,6.875],"rotation":0,"texture":"#0","tintindex":0},"up":{"uv":[6.6875,6.625,6.0,6.375],"rotation":0,"texture":"#0","tintindex":0},"west":{"uv":[6.6875,6.625,6.9375,6.875],"rotation":0,"texture":"#0","tintindex":0}}}],"display":{"head":{"translation":[0.0,-6.4,0.0],"rotation":[0.0,0.0,0.0],"scale":[3.8095,3.8095,3.8095]}}}