{"textures":{"0":"modelengine:entity/flospie"},"elements":[{"name":"cube","from":[13.916412,16.743313,16.763718],"to":[16.087574,22.714005,18.93488],"rotation":{"angle":0.0,"axis":"x","origin":[5.2317705,34.73854,-2.3396711]},"faces":{"down":{"uv":[4.5625,2.5625,4.3125,2.8125],"rotation":0,"texture":"#0","tintindex":0},"east":{"uv":[3.8125,2.8125,4.0625,3.5],"rotation":0,"texture":"#0","tintindex":0},"north":{"uv":[4.0625,2.8125,4.3125,3.5],"rotation":0,"texture":"#0","tintindex":0},"south":{"uv":[4.5625,2.8125,4.8125,3.5],"rotation":0,"texture":"#0","tintindex":0},"up":{"uv":[4.3125,2.8125,4.0625,2.5625],"rotation":0,"texture":"#0","tintindex":0},"west":{"uv":[4.3125,2.8125,4.5625,3.5],"rotation":0,"texture":"#0","tintindex":0}}}],"display":{"head":{"translation":[0.0,-6.4,0.0],"rotation":[0.0,0.0,0.0],"scale":[3.8095,3.8095,3.8095]}}}