{"textures":{"0":"modelengine:entity/flospie"},"elements":[{"name":"cube","from":[5.1470413,6.384981,4.9255114],"to":[10.032153,9.641723,11.438993],"rotation":{"angle":0.0,"axis":"x","origin":[9.489363,-4.527691,14.592735]},"faces":{"down":{"uv":[1.875,9.5,1.3125,10.25],"rotation":0,"texture":"#0","tintindex":0},"east":{"uv":[0.0,10.25,0.75,10.625],"rotation":0,"texture":"#0","tintindex":0},"north":{"uv":[0.75,10.25,1.3125,10.625],"rotation":0,"texture":"#0","tintindex":0},"south":{"uv":[2.0625,10.25,2.625,10.625],"rotation":0,"texture":"#0","tintindex":0},"up":{"uv":[1.3125,10.25,0.75,9.5],"rotation":0,"texture":"#0","tintindex":0},"west":{"uv":[1.3125,10.25,2.0625,10.625],"rotation":0,"texture":"#0","tintindex":0}}}],"display":{"head":{"translation":[0.0,-6.4,0.0],"rotation":[0.0,0.0,0.0],"scale":[3.8095,3.8095,3.8095]}}}