{"textures":{"0":"modelengine:entity/flospie"},"elements":[{"name":"cube","from":[1.4865183,24.661617,9.089041],"to":[5.8288393,30.632309,12.34578],"rotation":{"angle":0.0,"axis":"x","origin":[1.4865183,17.369259,20.457516]},"faces":{"down":{"uv":[11.4375,6.75,10.9375,7.125],"rotation":0,"texture":"#0","tintindex":0},"east":{"uv":[10.0625,7.125,10.4375,7.8125],"rotation":0,"texture":"#0","tintindex":0},"north":{"uv":[10.4375,7.125,10.9375,7.8125],"rotation":0,"texture":"#0","tintindex":0},"south":{"uv":[11.3125,7.125,11.8125,7.8125],"rotation":0,"texture":"#0","tintindex":0},"up":{"uv":[10.9375,7.125,10.4375,6.75],"rotation":0,"texture":"#0","tintindex":0},"west":{"uv":[10.9375,7.125,11.3125,7.8125],"rotation":0,"texture":"#0","tintindex":0}}}],"display":{"head":{"translation":[0.0,-6.4,0.0],"rotation":[0.0,0.0,0.0],"scale":[3.8095,3.8095,3.8095]}}}