{"textures":{"0":"modelengine:entity/flospie"},"elements":[{"name":"cube","from":[10.171161,24.661617,9.089041],"to":[14.513482,30.632309,12.34578],"rotation":{"angle":0.0,"axis":"x","origin":[14.513482,17.369259,20.457516]},"faces":{"down":{"uv":[11.25,2.1875,10.75,2.5625],"rotation":0,"texture":"#0","tintindex":0},"east":{"uv":[9.875,2.5625,10.25,3.25],"rotation":0,"texture":"#0","tintindex":0},"north":{"uv":[10.25,2.5625,10.75,3.25],"rotation":0,"texture":"#0","tintindex":0},"south":{"uv":[11.125,2.5625,11.625,3.25],"rotation":0,"texture":"#0","tintindex":0},"up":{"uv":[10.75,2.5625,10.25,2.1875],"rotation":0,"texture":"#0","tintindex":0},"west":{"uv":[10.75,2.5625,11.125,3.25],"rotation":0,"texture":"#0","tintindex":0}}}],"display":{"head":{"translation":[0.0,-6.4,0.0],"rotation":[0.0,0.0,0.0],"scale":[3.8095,3.8095,3.8095]}}}