{"textures":{"0":"modelengine:entity/flospie"},"elements":[{"name":"cube","from":[7.077256,24.316975,21.97733],"to":[8.922743,27.24804,24.365604],"rotation":{"angle":0.0,"axis":"x","origin":[7.185815,24.968319,22.628677]},"faces":{"down":{"uv":[0.625,2.5625,0.4375,2.8125],"rotation":0,"texture":"#0","tintindex":0},"east":{"uv":[0.0,2.8125,0.25,3.125],"rotation":0,"texture":"#0","tintindex":0},"north":{"uv":[0.25,2.8125,0.4375,3.125],"rotation":0,"texture":"#0","tintindex":0},"south":{"uv":[0.6875,2.8125,0.875,3.125],"rotation":0,"texture":"#0","tintindex":0},"up":{"uv":[0.4375,2.8125,0.25,2.5625],"rotation":0,"texture":"#0","tintindex":0},"west":{"uv":[0.4375,2.8125,0.6875,3.125],"rotation":0,"texture":"#0","tintindex":0}}}],"display":{"head":{"translation":[0.0,-6.4,0.0],"rotation":[0.0,0.0,0.0],"scale":[3.8095,3.8095,3.8095]}}}