{"textures":{"0":"modelengine:entity/flospie"},"elements":[{"name":"cube","from":[5.0808477,2.843934,5.098546],"to":[10.50875,10.442997,11.069239],"rotation":{"angle":0.0,"axis":"x","origin":[7.728605,6.6127367,8.699093]},"faces":{"down":{"uv":[11.0625,5.1875,10.4375,5.875],"rotation":0,"texture":"#0","tintindex":0},"east":{"uv":[9.125,5.875,9.8125,6.75],"rotation":0,"texture":"#0","tintindex":0},"north":{"uv":[9.8125,5.875,10.4375,6.75],"rotation":0,"texture":"#0","tintindex":0},"south":{"uv":[11.125,5.875,11.75,6.75],"rotation":0,"texture":"#0","tintindex":0},"up":{"uv":[10.4375,5.875,9.8125,5.1875],"rotation":0,"texture":"#0","tintindex":0},"west":{"uv":[10.4375,5.875,11.125,6.75],"rotation":0,"texture":"#0","tintindex":0}}}],"display":{"head":{"translation":[0.0,-6.4,0.0],"rotation":[0.0,0.0,0.0],"scale":[3.8095,3.8095,3.8095]}}}