{"textures":{"0":"modelengine:entity/flospie"},"elements":[{"name":"cube","from":[5.9479885,-2.240518,3.3784275],"to":[12.461471,8.615285,11.52028],"rotation":{"angle":0.0,"axis":"x","origin":[11.092414,2.9456034,2.8433132]},"faces":{"down":{"uv":[9.125,6.6875,8.375,7.625],"rotation":0,"texture":"#0","tintindex":0},"east":{"uv":[6.6875,7.625,7.625,8.875],"rotation":0,"texture":"#0","tintindex":0},"north":{"uv":[7.625,7.625,8.375,8.875],"rotation":0,"texture":"#0","tintindex":0},"south":{"uv":[9.3125,7.625,10.0625,8.875],"rotation":0,"texture":"#0","tintindex":0},"up":{"uv":[8.375,7.625,7.625,6.6875],"rotation":0,"texture":"#0","tintindex":0},"west":{"uv":[8.375,7.625,9.3125,8.875],"rotation":0,"texture":"#0","tintindex":0}}}],"display":{"head":{"translation":[0.0,-6.4,0.0],"rotation":[0.0,0.0,0.0],"scale":[3.8095,3.8095,3.8095]}}}