{"textures":{"0":"modelengine:entity/flospie"},"elements":[{"name":"cube","from":[-12.527735,5.399334,16.309055],"to":[-6.557042,7.5704947,18.480217],"rotation":{"angle":0.0,"axis":"x","origin":[-3.9413838,15.198098,7.973342]},"faces":{"down":{"uv":[8.4375,0.875,7.75,1.125],"rotation":0,"texture":"#0","tintindex":0},"east":{"uv":[6.8125,1.125,7.0625,1.375],"rotation":0,"texture":"#0","tintindex":0},"north":{"uv":[7.0625,1.125,7.75,1.375],"rotation":0,"texture":"#0","tintindex":0},"south":{"uv":[8.0,1.125,8.6875,1.375],"rotation":0,"texture":"#0","tintindex":0},"up":{"uv":[7.75,1.125,7.0625,0.875],"rotation":0,"texture":"#0","tintindex":0},"west":{"uv":[7.75,1.125,8.0,1.375],"rotation":0,"texture":"#0","tintindex":0}}}],"display":{"head":{"translation":[0.0,-6.4,0.0],"rotation":[0.0,0.0,0.0],"scale":[3.8095,3.8095,3.8095]}}}