{"textures":{"0":"modelengine:entity/flospie"},"elements":[{"name":"cube","from":[-8.945318,7.5704947,16.851849],"to":[-7.8597383,9.198865,18.480217],"rotation":{"angle":0.0,"axis":"x","origin":[-1.9873381,15.198098,7.973342]},"faces":{"down":{"uv":[5.3125,1.3125,5.1875,1.5],"rotation":0,"texture":"#0","tintindex":0},"east":{"uv":[4.875,1.5,5.0625,1.6875],"rotation":0,"texture":"#0","tintindex":0},"north":{"uv":[5.0625,1.5,5.1875,1.6875],"rotation":0,"texture":"#0","tintindex":0},"south":{"uv":[5.375,1.5,5.5,1.6875],"rotation":0,"texture":"#0","tintindex":0},"up":{"uv":[5.1875,1.5,5.0625,1.3125],"rotation":0,"texture":"#0","tintindex":0},"west":{"uv":[5.1875,1.5,5.375,1.6875],"rotation":0,"texture":"#0","tintindex":0}}},{"name":"cube","from":[-7.642623,7.5704947,16.851849],"to":[-6.557042,8.656075,18.480217],"rotation":{"angle":0.0,"axis":"x","origin":[0.94372845,15.198098,7.973342]},"faces":{"down":{"uv":[6.1875,6.875,6.0625,7.0625],"rotation":0,"texture":"#0","tintindex":0},"east":{"uv":[5.75,7.0625,5.9375,7.1875],"rotation":0,"texture":"#0","tintindex":0},"north":{"uv":[5.9375,7.0625,6.0625,7.1875],"rotation":0,"texture":"#0","tintindex":0},"south":{"uv":[6.25,7.0625,6.375,7.1875],"rotation":0,"texture":"#0","tintindex":0},"up":{"uv":[6.0625,7.0625,5.9375,6.875],"rotation":0,"texture":"#0","tintindex":0},"west":{"uv":[6.0625,7.0625,6.25,7.1875],"rotation":0,"texture":"#0","tintindex":0}}},{"name":"cube","from":[-11.333594,7.5704947,16.851849],"to":[-10.248014,9.198865,18.480217],"rotation":{"angle":0.0,"axis":"x","origin":[-4.375615,15.198098,7.973342]},"faces":{"down":{"uv":[5.75,1.125,5.625,1.3125],"rotation":0,"texture":"#0","tintindex":0},"east":{"uv":[5.3125,1.3125,5.5,1.5],"rotation":0,"texture":"#0","tintindex":0},"north":{"uv":[5.5,1.3125,5.625,1.5],"rotation":0,"texture":"#0","tintindex":0},"south":{"uv":[5.8125,1.3125,5.9375,1.5],"rotation":0,"texture":"#0","tintindex":0},"up":{"uv":[5.625,1.3125,5.5,1.125],"rotation":0,"texture":"#0","tintindex":0},"west":{"uv":[5.625,1.3125,5.8125,1.5],"rotation":0,"texture":"#0","tintindex":0}}},{"name":"cube","from":[-10.139456,7.5704947,16.851849],"to":[-9.053877,9.741655,18.480217],"rotation":{"angle":0.0,"axis":"x","origin":[-3.1814766,15.198098,7.973342]},"faces":{"down":{"uv":[1.5,0.75,1.375,0.9375],"rotation":0,"texture":"#0","tintindex":0},"east":{"uv":[1.0625,0.9375,1.25,1.1875],"rotation":0,"texture":"#0","tintindex":0},"north":{"uv":[1.25,0.9375,1.375,1.1875],"rotation":0,"texture":"#0","tintindex":0},"south":{"uv":[1.5625,0.9375,1.6875,1.1875],"rotation":0,"texture":"#0","tintindex":0},"up":{"uv":[1.375,0.9375,1.25,0.75],"rotation":0,"texture":"#0","tintindex":0},"west":{"uv":[1.375,0.9375,1.5625,1.1875],"rotation":0,"texture":"#0","tintindex":0}}},{"name":"cube","from":[-12.527735,7.5704947,16.851849],"to":[-11.442153,8.656075,18.480217],"rotation":{"angle":0.0,"axis":"x","origin":[-3.9413838,15.198098,7.973342]},"faces":{"down":{"uv":[2.625,7.0625,2.5,7.25],"rotation":0,"texture":"#0","tintindex":0},"east":{"uv":[2.1875,7.25,2.375,7.375],"rotation":0,"texture":"#0","tintindex":0},"north":{"uv":[2.375,7.25,2.5,7.375],"rotation":0,"texture":"#0","tintindex":0},"south":{"uv":[2.6875,7.25,2.8125,7.375],"rotation":0,"texture":"#0","tintindex":0},"up":{"uv":[2.5,7.25,2.375,7.0625],"rotation":0,"texture":"#0","tintindex":0},"west":{"uv":[2.5,7.25,2.6875,7.375],"rotation":0,"texture":"#0","tintindex":0}}}],"display":{"head":{"translation":[0.0,-6.4,0.0],"rotation":[0.0,0.0,0.0],"scale":[3.8095,3.8095,3.8095]}}}