{"textures":{"0":"modelengine:entity/flospie"},"elements":[{"name":"cube","from":[3.3320045,22.664005,-2.9193063],"to":[12.667995,32.0,8.587845],"rotation":{"angle":0.0,"axis":"x","origin":[24.880772,34.08631,-6.6819925]},"faces":{"down":{"uv":[6.875,4.0,5.8125,5.3125],"rotation":0,"texture":"#0","tintindex":0},"east":{"uv":[3.4375,5.3125,4.75,6.375],"rotation":0,"texture":"#0","tintindex":0},"north":{"uv":[4.75,5.3125,5.8125,6.375],"rotation":0,"texture":"#0","tintindex":0},"south":{"uv":[7.125,5.3125,8.1875,6.375],"rotation":0,"texture":"#0","tintindex":0},"up":{"uv":[5.8125,5.3125,4.75,4.0],"rotation":0,"texture":"#0","tintindex":0},"west":{"uv":[5.8125,5.3125,7.125,6.375],"rotation":0,"texture":"#0","tintindex":0}}}],"display":{"head":{"translation":[0.0,-3.9649963,0.0],"rotation":[0.0,0.0,0.0],"scale":[3.8095,3.8095,3.8095]}}}