{"textures":{"0":"modelengine:entity/flospie"},"elements":[{"name":"cube","from":[13.373623,16.743313,16.817997],"to":[13.916412,27.599117,21.160316],"rotation":{"angle":0.0,"axis":"x","origin":[4.68898,34.738544,-2.2853937]},"faces":{"down":{"uv":[5.9375,9.75,5.875,10.25],"rotation":0,"texture":"#0","tintindex":0},"east":{"uv":[5.3125,10.25,5.8125,11.5],"rotation":0,"texture":"#0","tintindex":0},"north":{"uv":[5.8125,10.25,5.875,11.5],"rotation":0,"texture":"#0","tintindex":0},"south":{"uv":[6.375,10.25,6.4375,11.5],"rotation":0,"texture":"#0","tintindex":0},"up":{"uv":[5.875,10.25,5.8125,9.75],"rotation":0,"texture":"#0","tintindex":0},"west":{"uv":[5.875,10.25,6.375,11.5],"rotation":0,"texture":"#0","tintindex":0}}}],"display":{"head":{"translation":[0.0,-6.4,0.0],"rotation":[0.0,0.0,0.0],"scale":[3.8095,3.8095,3.8095]}}}