{"textures":{"0":"modelengine:entity/flospie"},"elements":[{"name":"cube","from":[23.859737,7.5704947,16.851849],"to":[24.945316,9.198865,18.480217],"rotation":{"angle":0.0,"axis":"x","origin":[17.987339,15.198098,7.973342]},"faces":{"down":{"uv":[4.875,1.125,4.75,1.3125],"rotation":0,"texture":"#0","tintindex":0},"east":{"uv":[4.4375,1.3125,4.625,1.5],"rotation":0,"texture":"#0","tintindex":0},"north":{"uv":[4.625,1.3125,4.75,1.5],"rotation":0,"texture":"#0","tintindex":0},"south":{"uv":[4.9375,1.3125,5.0625,1.5],"rotation":0,"texture":"#0","tintindex":0},"up":{"uv":[4.75,1.3125,4.625,1.125],"rotation":0,"texture":"#0","tintindex":0},"west":{"uv":[4.75,1.3125,4.9375,1.5],"rotation":0,"texture":"#0","tintindex":0}}},{"name":"cube","from":[22.557041,7.5704947,16.851849],"to":[23.642624,8.656075,18.480217],"rotation":{"angle":0.0,"axis":"x","origin":[15.056272,15.198098,7.973342]},"faces":{"down":{"uv":[7.0625,3.5,6.9375,3.6875],"rotation":0,"texture":"#0","tintindex":0},"east":{"uv":[6.625,3.6875,6.8125,3.8125],"rotation":0,"texture":"#0","tintindex":0},"north":{"uv":[6.8125,3.6875,6.9375,3.8125],"rotation":0,"texture":"#0","tintindex":0},"south":{"uv":[7.125,3.6875,7.25,3.8125],"rotation":0,"texture":"#0","tintindex":0},"up":{"uv":[6.9375,3.6875,6.8125,3.5],"rotation":0,"texture":"#0","tintindex":0},"west":{"uv":[6.9375,3.6875,7.125,3.8125],"rotation":0,"texture":"#0","tintindex":0}}},{"name":"cube","from":[26.248016,7.5704947,16.851849],"to":[27.333595,9.198865,18.480217],"rotation":{"angle":0.0,"axis":"x","origin":[20.375614,15.198098,7.973342]},"faces":{"down":{"uv":[0.4375,3.125,0.3125,3.3125],"rotation":0,"texture":"#0","tintindex":0},"east":{"uv":[0.0,3.3125,0.1875,3.5],"rotation":0,"texture":"#0","tintindex":0},"north":{"uv":[0.1875,3.3125,0.3125,3.5],"rotation":0,"texture":"#0","tintindex":0},"south":{"uv":[0.5,3.3125,0.625,3.5],"rotation":0,"texture":"#0","tintindex":0},"up":{"uv":[0.3125,3.3125,0.1875,3.125],"rotation":0,"texture":"#0","tintindex":0},"west":{"uv":[0.3125,3.3125,0.5,3.5],"rotation":0,"texture":"#0","tintindex":0}}},{"name":"cube","from":[25.053875,7.5704947,16.851849],"to":[26.139458,9.741655,18.480217],"rotation":{"angle":0.0,"axis":"x","origin":[19.181477,15.198098,7.973342]},"faces":{"down":{"uv":[1.5,0.0,1.375,0.1875],"rotation":0,"texture":"#0","tintindex":0},"east":{"uv":[1.0625,0.1875,1.25,0.4375],"rotation":0,"texture":"#0","tintindex":0},"north":{"uv":[1.25,0.1875,1.375,0.4375],"rotation":0,"texture":"#0","tintindex":0},"south":{"uv":[1.5625,0.1875,1.6875,0.4375],"rotation":0,"texture":"#0","tintindex":0},"up":{"uv":[1.375,0.1875,1.25,0.0],"rotation":0,"texture":"#0","tintindex":0},"west":{"uv":[1.375,0.1875,1.5625,0.4375],"rotation":0,"texture":"#0","tintindex":0}}},{"name":"cube","from":[27.442154,7.5704947,16.851849],"to":[28.527737,8.656075,18.480217],"rotation":{"angle":0.0,"axis":"x","origin":[19.941383,15.198098,7.973342]},"faces":{"down":{"uv":[6.375,1.125,6.25,1.3125],"rotation":0,"texture":"#0","tintindex":0},"east":{"uv":[5.9375,1.3125,6.125,1.4375],"rotation":0,"texture":"#0","tintindex":0},"north":{"uv":[6.125,1.3125,6.25,1.4375],"rotation":0,"texture":"#0","tintindex":0},"south":{"uv":[6.4375,1.3125,6.5625,1.4375],"rotation":0,"texture":"#0","tintindex":0},"up":{"uv":[6.25,1.3125,6.125,1.125],"rotation":0,"texture":"#0","tintindex":0},"west":{"uv":[6.25,1.3125,6.4375,1.4375],"rotation":0,"texture":"#0","tintindex":0}}}],"display":{"head":{"translation":[0.0,-6.4,0.0],"rotation":[0.0,0.0,0.0],"scale":[3.8095,3.8095,3.8095]}}}