{"textures":{"0":"modelengine:entity/flospie"},"elements":[{"name":"cube","from":[12.184913,26.30185,10.581337],"to":[13.259636,31.718895,11.656061],"rotation":{"angle":0.0,"axis":"x","origin":[-7.686636,34.738544,-6.6819944]},"faces":{"down":{"uv":[7.0625,6.875,6.9375,7.0],"rotation":0,"texture":"#0","tintindex":0},"east":{"uv":[6.6875,7.0,6.8125,7.625],"rotation":0,"texture":"#0","tintindex":0},"north":{"uv":[6.8125,7.0,6.9375,7.625],"rotation":0,"texture":"#0","tintindex":0},"south":{"uv":[7.0625,7.0,7.1875,7.625],"rotation":0,"texture":"#0","tintindex":0},"up":{"uv":[6.9375,7.0,6.8125,6.875],"rotation":0,"texture":"#0","tintindex":0},"west":{"uv":[6.9375,7.0,7.0625,7.625],"rotation":0,"texture":"#0","tintindex":0}}}],"display":{"head":{"translation":[0.0,-6.4,0.0],"rotation":[0.0,0.0,0.0],"scale":[3.8095,3.8095,3.8095]}}}