{"textures":{"0":"modelengine:entity/flospie"},"elements":[{"name":"cube","from":[5.6051044,-0.57135797,4.30148],"to":[11.575796,11.370026,11.357752],"rotation":{"angle":0.0,"axis":"x","origin":[12.963983,15.740889,1.9364564]},"faces":{"down":{"uv":[10.9375,0.0,10.25,0.8125],"rotation":0,"texture":"#0","tintindex":0},"east":{"uv":[8.75,0.8125,9.5625,2.1875],"rotation":0,"texture":"#0","tintindex":0},"north":{"uv":[9.5625,0.8125,10.25,2.1875],"rotation":0,"texture":"#0","tintindex":0},"south":{"uv":[11.0625,0.8125,11.75,2.1875],"rotation":0,"texture":"#0","tintindex":0},"up":{"uv":[10.25,0.8125,9.5625,0.0],"rotation":0,"texture":"#0","tintindex":0},"west":{"uv":[10.25,0.8125,11.0625,2.1875],"rotation":0,"texture":"#0","tintindex":0}}}],"display":{"head":{"translation":[0.0,-6.4,0.0],"rotation":[0.0,0.0,0.0],"scale":[3.8095,3.8095,3.8095]}}}