{"textures":{"0":"modelengine:entity/flospie"},"elements":[{"name":"cube","from":[2.029308,-11.910727,-6.7058077],"to":[13.970692,-4.311664,7.949528],"rotation":{"angle":0.0,"axis":"x","origin":[9.356976,20.08321,7.973342]},"faces":{"down":{"uv":[4.4375,0.0,3.0625,1.6875],"rotation":0,"texture":"#0","tintindex":0},"east":{"uv":[0.0,1.6875,1.6875,2.5625],"rotation":0,"texture":"#0","tintindex":0},"north":{"uv":[1.6875,1.6875,3.0625,2.5625],"rotation":0,"texture":"#0","tintindex":0},"south":{"uv":[4.75,1.6875,6.125,2.5625],"rotation":0,"texture":"#0","tintindex":0},"up":{"uv":[3.0625,1.6875,1.6875,0.0],"rotation":0,"texture":"#0","tintindex":0},"west":{"uv":[3.0625,1.6875,4.75,2.5625],"rotation":0,"texture":"#0","tintindex":0}}}],"display":{"head":{"translation":[0.0,-6.4,0.0],"rotation":[0.0,0.0,0.0],"scale":[3.8095,3.8095,3.8095]}}}