{"textures":{"0":"modelengine:entity/flospie"},"elements":[{"name":"cube","from":[3.6033998,26.463543,2.4800234],"to":[12.396601,32.0,12.358806],"rotation":{"angle":0.0,"axis":"x","origin":[13.970692,33.528946,-6.6819925]},"faces":{"down":{"uv":[3.125,5.3125,2.125,6.4375],"rotation":0,"texture":"#0","tintindex":0},"east":{"uv":[0.0,6.4375,1.125,7.0625],"rotation":0,"texture":"#0","tintindex":0},"north":{"uv":[1.125,6.4375,2.125,7.0625],"rotation":0,"texture":"#0","tintindex":0},"south":{"uv":[3.25,6.4375,4.25,7.0625],"rotation":0,"texture":"#0","tintindex":0},"up":{"uv":[2.125,6.4375,1.125,5.3125],"rotation":0,"texture":"#0","tintindex":0},"west":{"uv":[2.125,6.4375,3.25,7.0625],"rotation":0,"texture":"#0","tintindex":0}}}],"display":{"head":{"translation":[0.0,-1.8841653,0.0],"rotation":[0.0,0.0,0.0],"scale":[3.8095,3.8095,3.8095]}}}