{"textures":{"0":"modelengine:entity/wbyeti"},"elements":[{"name":"cube","from":[10.591999,15.9763565,10.1831455],"to":[16.966438,17.65052,12.634852],"rotation":{"angle":0.0,"axis":"x","origin":[7.7494907,15.152541,11.023127]},"faces":{"down":{"uv":[4.4375,1.1875,3.0,1.75],"rotation":0,"texture":"#0","tintindex":0},"east":{"uv":[7.6875,2.4375,8.25,2.8125],"rotation":0,"texture":"#0","tintindex":0},"north":{"uv":[4.0,4.25,5.4375,4.625],"rotation":0,"texture":"#0","tintindex":0},"south":{"uv":[0.625,4.4375,2.0625,4.8125],"rotation":0,"texture":"#0","tintindex":0},"up":{"uv":[4.4375,1.1875,3.0,0.625],"rotation":0,"texture":"#0","tintindex":0},"west":{"uv":[7.6875,2.8125,8.25,3.1875],"rotation":0,"texture":"#0","tintindex":0}}},{"name":"cube","from":[11.012291,17.587479,10.393291],"to":[16.546146,22.133648,12.424706],"rotation":{"angle":0.0,"axis":"x","origin":[7.7494907,15.152541,11.023127]},"faces":{"down":{"uv":[4.625,3.8125,3.375,4.25],"rotation":0,"texture":"#0","tintindex":0},"east":{"uv":[5.4375,0.3125,5.875,1.3125],"rotation":0,"texture":"#0","tintindex":0},"north":{"uv":[0.0,0.0,1.25,1.0],"rotation":0,"texture":"#0","tintindex":0},"south":{"uv":[0.0,1.0,1.25,2.0],"rotation":0,"texture":"#0","tintindex":0},"up":{"uv":[3.375,4.25,2.125,3.8125],"rotation":0,"texture":"#0","tintindex":0},"west":{"uv":[5.4375,4.125,5.875,5.125],"rotation":0,"texture":"#0","tintindex":0}}},{"name":"cube","from":[12.553365,18.077156,9.5248165],"to":[15.285269,22.062935,11.5562315],"rotation":{"angle":22.5,"axis":"x","origin":[7.7494907,15.152541,11.023127]},"faces":{"down":{"uv":[2.0625,7.375,1.4375,7.8125],"rotation":0,"texture":"#0","tintindex":0},"east":{"uv":[1.1875,6.375,1.625,7.25],"rotation":0,"texture":"#0","tintindex":0},"north":{"uv":[0.0,4.0,0.625,4.875],"rotation":0,"texture":"#0","tintindex":0},"south":{"uv":[2.125,4.25,2.75,5.125],"rotation":0,"texture":"#0","tintindex":0},"up":{"uv":[7.6875,4.9375,7.0625,4.5],"rotation":0,"texture":"#0","tintindex":0},"west":{"uv":[0.0,6.5,0.4375,7.375],"rotation":0,"texture":"#0","tintindex":0}}},{"name":"cube","from":[11.449396,19.144299,9.671972],"to":[16.24914,21.854626,11.053335],"rotation":{"angle":22.5,"axis":"x","origin":[7.7494907,15.152541,11.023127]},"faces":{"down":{"uv":[7.6875,3.0,6.625,3.3125],"rotation":0,"texture":"#0","tintindex":0},"east":{"uv":[1.4375,7.8125,1.75,8.4375],"rotation":0,"texture":"#0","tintindex":0},"north":{"uv":[3.5,2.375,4.5625,3.0],"rotation":0,"texture":"#0","tintindex":0},"south":{"uv":[1.0625,3.8125,2.125,4.4375],"rotation":0,"texture":"#0","tintindex":0},"up":{"uv":[7.6875,3.0,6.625,2.6875],"rotation":0,"texture":"#0","tintindex":0},"west":{"uv":[1.75,7.8125,2.0625,8.4375],"rotation":0,"texture":"#0","tintindex":0}}},{"name":"cube","from":[12.553365,19.661964,14.255058],"to":[15.285269,23.64774,16.286472],"rotation":{"angle":-22.5,"axis":"x","origin":[7.7494907,15.152541,11.023127]},"faces":{"down":{"uv":[8.0,3.3125,7.375,3.75],"rotation":0,"texture":"#0","tintindex":0},"east":{"uv":[6.5625,1.125,7.0,2.0],"rotation":0,"texture":"#0","tintindex":0},"north":{"uv":[2.75,4.25,3.375,5.125],"rotation":0,"texture":"#0","tintindex":0},"south":{"uv":[3.375,4.25,4.0,5.125],"rotation":0,"texture":"#0","tintindex":0},"up":{"uv":[2.6875,7.8125,2.0625,7.375],"rotation":0,"texture":"#0","tintindex":0},"west":{"uv":[6.5625,5.0,7.0,5.875],"rotation":0,"texture":"#0","tintindex":0}}},{"name":"cube","from":[11.449396,19.87027,14.402214],"to":[16.24914,22.5806,15.783576],"rotation":{"angle":-22.5,"axis":"x","origin":[7.7494907,15.152541,11.023127]},"faces":{"down":{"uv":[7.5625,5.875,6.5,6.1875],"rotation":0,"texture":"#0","tintindex":0},"east":{"uv":[6.125,7.625,6.4375,8.25],"rotation":0,"texture":"#0","tintindex":0},"north":{"uv":[0.0,3.375,1.0625,4.0],"rotation":0,"texture":"#0","tintindex":0},"south":{"uv":[3.5,1.75,4.5625,2.375],"rotation":0,"texture":"#0","tintindex":0},"up":{"uv":[4.5625,3.3125,3.5,3.0],"rotation":0,"texture":"#0","tintindex":0},"west":{"uv":[7.5,7.6875,7.8125,8.3125],"rotation":0,"texture":"#0","tintindex":0}}},{"name":"cube","from":[9.89151,20.949821,10.043047],"to":[17.666927,24.095013,12.77495],"rotation":{"angle":0.0,"axis":"x","origin":[7.7494907,15.152541,11.023127]},"faces":{"down":{"uv":[3.5,2.6875,1.75,3.3125],"rotation":0,"texture":"#0","tintindex":0},"east":{"uv":[5.4375,3.0,6.0625,3.6875],"rotation":0,"texture":"#0","tintindex":0},"north":{"uv":[1.25,0.0,3.0,0.6875],"rotation":0,"texture":"#0","tintindex":0},"south":{"uv":[1.25,0.6875,3.0,1.375],"rotation":0,"texture":"#0","tintindex":0},"up":{"uv":[3.5,2.6875,1.75,2.0625],"rotation":0,"texture":"#0","tintindex":0},"west":{"uv":[5.9375,1.1875,6.5625,1.875],"rotation":0,"texture":"#0","tintindex":0}}},{"name":"cube","from":[9.89151,20.949821,10.043047],"to":[17.666927,24.095013,12.77495],"rotation":{"angle":0.0,"axis":"x","origin":[7.7494907,15.152541,11.023127]},"faces":{"down":{"uv":[4.75,0.0,3.0,0.625],"rotation":0,"texture":"#0","tintindex":0},"east":{"uv":[5.9375,1.875,6.5625,2.5625],"rotation":0,"texture":"#0","tintindex":0},"north":{"uv":[1.25,1.375,3.0,2.0625],"rotation":0,"texture":"#0","tintindex":0},"south":{"uv":[0.0,2.0625,1.75,2.75],"rotation":0,"texture":"#0","tintindex":0},"up":{"uv":[1.75,3.375,0.0,2.75],"rotation":0,"texture":"#0","tintindex":0},"west":{"uv":[5.9375,5.0,6.5625,5.6875],"rotation":0,"texture":"#0","tintindex":0}}},{"name":"cube","from":[12.971034,24.485641,9.895945],"to":[15.97753,27.587406,12.922053],"rotation":{"angle":-22.5,"axis":"z","origin":[7.7494907,15.152541,11.023127]},"faces":{"down":{"uv":[4.0625,5.3125,3.375,6.0],"rotation":0,"texture":"#0","tintindex":0},"east":{"uv":[2.0,5.125,2.6875,5.8125],"rotation":0,"texture":"#0","tintindex":0},"north":{"uv":[1.3125,4.8125,2.0,5.5],"rotation":0,"texture":"#0","tintindex":0},"south":{"uv":[2.6875,5.125,3.375,5.8125],"rotation":0,"texture":"#0","tintindex":0},"up":{"uv":[5.9375,3.0,5.25,2.3125],"rotation":0,"texture":"#0","tintindex":0},"west":{"uv":[5.25,1.625,5.9375,2.3125],"rotation":0,"texture":"#0","tintindex":0}}},{"name":"cube","from":[11.572682,22.832962,13.67459],"to":[15.985756,22.832962,15.776052],"rotation":{"angle":-22.5,"axis":"x","origin":[7.7494907,15.152541,11.023127]},"faces":{"down":{"uv":[5.4375,1.125,4.4375,1.625],"rotation":0,"texture":"#0","tintindex":0},"east":{"uv":[0.0,0.0,0.5,0.0],"rotation":0,"texture":"#0","tintindex":0},"north":{"uv":[0.0,0.0,1.0,0.0],"rotation":0,"texture":"#0","tintindex":0},"south":{"uv":[0.0,0.0,1.0,0.0],"rotation":0,"texture":"#0","tintindex":0},"up":{"uv":[5.4375,1.125,4.4375,0.625],"rotation":0,"texture":"#0","tintindex":0},"west":{"uv":[0.0,0.0,0.5,0.0],"rotation":0,"texture":"#0","tintindex":0}}},{"name":"cube","from":[12.413268,21.110188,16.962585],"to":[15.145171,23.064548,18.223463],"rotation":{"angle":-45.0,"axis":"x","origin":[7.7494907,15.152541,11.023127]},"faces":{"down":{"uv":[8.1875,4.1875,7.5625,4.5],"rotation":0,"texture":"#0","tintindex":0},"east":{"uv":[7.1875,8.0,7.5,8.4375],"rotation":0,"texture":"#0","tintindex":0},"north":{"uv":[1.0625,3.375,1.6875,3.8125],"rotation":0,"texture":"#0","tintindex":0},"south":{"uv":[7.0625,0.625,7.6875,1.0625],"rotation":0,"texture":"#0","tintindex":0},"up":{"uv":[5.375,0.625,4.75,0.3125],"rotation":0,"texture":"#0","tintindex":0},"west":{"uv":[0.0,8.0625,0.3125,8.5],"rotation":0,"texture":"#0","tintindex":0}}},{"name":"cube","from":[10.662939,19.87069,9.895945],"to":[13.669433,22.97245,12.922053],"rotation":{"angle":22.5,"axis":"z","origin":[7.7494907,15.152541,11.023127]},"faces":{"down":{"uv":[1.3125,4.8125,0.625,5.5],"rotation":0,"texture":"#0","tintindex":0},"east":{"uv":[4.5625,2.3125,5.25,3.0],"rotation":0,"texture":"#0","tintindex":0},"north":{"uv":[4.5625,1.625,5.25,2.3125],"rotation":0,"texture":"#0","tintindex":0},"south":{"uv":[4.0,4.625,4.6875,5.3125],"rotation":0,"texture":"#0","tintindex":0},"up":{"uv":[5.4375,3.6875,4.75,3.0],"rotation":0,"texture":"#0","tintindex":0},"west":{"uv":[4.6875,4.625,5.375,5.3125],