{"textures":{"0":"modelengine:entity/wbyeti"},"elements":[{"name":"cube","from":[11.295694,10.416273,7.9789524],"to":[13.187012,11.677152,8.819538],"rotation":{"angle":0.0,"axis":"x","origin":[15.603695,10.416273,10.080416]},"faces":{"down":{"uv":[8.5,5.4375,8.0625,5.625],"rotation":0,"texture":"#0","tintindex":0},"east":{"uv":[4.5625,3.0,4.75,3.3125],"rotation":0,"texture":"#0","tintindex":0},"north":{"uv":[7.125,2.375,7.5625,2.6875],"rotation":0,"texture":"#0","tintindex":0},"south":{"uv":[3.0625,8.0,3.5,8.3125],"rotation":0,"texture":"#0","tintindex":0},"up":{"uv":[8.5,0.5,8.0625,0.3125],"rotation":0,"texture":"#0","tintindex":0},"west":{"uv":[4.0,6.8125,4.1875,7.125],"rotation":0,"texture":"#0","tintindex":0}}},{"name":"cube","from":[10.8754015,10.3112,8.399244],"to":[13.607306,11.467006,11.761587],"rotation":{"angle":0.0,"axis":"x","origin":[15.603695,10.416273,10.080416]},"faces":{"down":{"uv":[4.6875,5.3125,4.0625,6.0625],"rotation":0,"texture":"#0","tintindex":0},"east":{"uv":[7.5625,5.875,8.3125,6.125],"rotation":0,"texture":"#0","tintindex":0},"north":{"uv":[8.0,0.875,8.625,1.125],"rotation":0,"texture":"#0","tintindex":0},"south":{"uv":[8.0,1.125,8.625,1.375],"rotation":0,"texture":"#0","tintindex":0},"up":{"uv":[0.625,5.625,0.0,4.875],"rotation":0,"texture":"#0","tintindex":0},"west":{"uv":[7.6875,4.5,8.4375,4.75],"rotation":0,"texture":"#0","tintindex":0}}},{"name":"cube","from":[11.457692,11.16668,10.360611],"to":[13.03379,13.268144,11.62149],"rotation":{"angle":22.5,"axis":"x","origin":[12.035594,12.6727295,10.640806]},"faces":{"down":{"uv":[2.8125,8.0625,2.4375,8.375],"rotation":0,"texture":"#0","tintindex":0},"east":{"uv":[5.8125,8.0,6.125,8.4375],"rotation":0,"texture":"#0","tintindex":0},"north":{"uv":[0.9375,7.9375,1.3125,8.375],"rotation":0,"texture":"#0","tintindex":0},"south":{"uv":[7.9375,6.375,8.3125,6.8125],"rotation":0,"texture":"#0","tintindex":0},"up":{"uv":[8.4375,0.3125,8.0625,0.0],"rotation":0,"texture":"#0","tintindex":0},"west":{"uv":[6.4375,8.0,6.75,8.4375],"rotation":0,"texture":"#0","tintindex":0}}},{"name":"cube","from":[11.25455,12.088565,10.050615],"to":[13.208911,15.100663,11.675749],"rotation":{"angle":-22.5,"axis":"x","origin":[11.951536,12.852096,10.414869]},"faces":{"down":{"uv":[0.875,8.0,0.4375,8.375],"rotation":0,"texture":"#0","tintindex":0},"east":{"uv":[4.375,7.4375,4.75,8.125],"rotation":0,"texture":"#0","tintindex":0},"north":{"uv":[7.0625,7.3125,7.5,8.0],"rotation":0,"texture":"#0","tintindex":0},"south":{"uv":[0.0,7.375,0.4375,8.0625],"rotation":0,"texture":"#0","tintindex":0},"up":{"uv":[8.25,8.3125,7.8125,7.9375],"rotation":0,"texture":"#0","tintindex":0},"west":{"uv":[4.75,7.4375,5.125,8.125],"rotation":0,"texture":"#0","tintindex":0}}}],"display":{"head":{"translation":[0.0,-6.4,0.0],"rotation":[0.0,0.0,0.0],"scale":[3.8095,3.8095,3.8095]}}}