{"textures":{"0":"modelengine:entity/wbyeti"},"elements":[{"name":"cube","from":[14.608688,13.397128,9.203277],"to":[16.99301,16.721643,11.185938],"rotation":{"angle":22.5,"axis":"x","origin":[15.248864,14.678881,9.647667]},"faces":{"down":{"uv":[8.125,3.75,7.5625,4.1875],"rotation":0,"texture":"#0","tintindex":0},"east":{"uv":[4.25,6.6875,4.6875,7.4375],"rotation":0,"texture":"#0","tintindex":0},"north":{"uv":[5.9375,5.6875,6.5,6.4375],"rotation":0,"texture":"#0","tintindex":0},"south":{"uv":[3.125,6.0,3.6875,6.75],"rotation":0,"texture":"#0","tintindex":0},"up":{"uv":[8.0625,5.875,7.5,5.4375],"rotation":0,"texture":"#0","tintindex":0},"west":{"uv":[4.6875,6.6875,5.125,7.4375],"rotation":0,"texture":"#0","tintindex":0}}}],"display":{"head":{"translation":[0.0,-6.4,0.0],"rotation":[0.0,0.0,0.0],"scale":[3.8095,3.8095,3.8095]}}}