{"textures":{"0":"modelengine:entity/wbyeti"},"elements":[{"name":"cube","from":[8.306131,24.46091,9.679368],"to":[11.271449,27.091202,12.245507],"rotation":{"angle":-45.0,"axis":"z","origin":[6.458806,12.974132,10.576566]},"faces":{"down":{"uv":[6.875,6.4375,6.1875,7.0],"rotation":0,"texture":"#0","tintindex":0},"east":{"uv":[6.875,6.75,7.4375,7.3125],"rotation":0,"texture":"#0","tintindex":0},"north":{"uv":[6.375,3.875,7.0625,4.4375],"rotation":0,"texture":"#0","tintindex":0},"south":{"uv":[6.375,4.4375,7.0625,5.0],"rotation":0,"texture":"#0","tintindex":0},"up":{"uv":[6.1875,7.0,5.5,6.4375],"rotation":0,"texture":"#0","tintindex":0},"west":{"uv":[0.4375,6.9375,1.0,7.5],"rotation":0,"texture":"#0","tintindex":0}}}],"display":{"head":{"translation":[0.0,-6.4,0.0],"rotation":[0.0,0.0,0.0],"scale":[3.8095,3.8095,3.8095]}}}