{"textures":{"0":"modelengine:entity/wbyeti"},"elements":[{"name":"cube","from":[10.659952,13.509509,9.683826],"to":[13.044273,16.834024,11.666488],"rotation":{"angle":22.5,"axis":"x","origin":[11.300128,14.791262,10.128217]},"faces":{"down":{"uv":[8.1875,2.0,7.625,2.4375],"rotation":0,"texture":"#0","tintindex":0},"east":{"uv":[3.125,6.75,3.5625,7.5],"rotation":0,"texture":"#0","tintindex":0},"north":{"uv":[6.0625,2.5625,6.625,3.3125],"rotation":0,"texture":"#0","tintindex":0},"south":{"uv":[3.6875,6.0625,4.25,6.8125],"rotation":0,"texture":"#0","tintindex":0},"up":{"uv":[8.1875,2.0,7.625,1.5625],"rotation":0,"texture":"#0","tintindex":0},"west":{"uv":[3.5625,6.8125,4.0,7.5625],"rotation":0,"texture":"#0","tintindex":0}}}],"display":{"head":{"translation":[0.0,-6.4,0.0],"rotation":[0.0,0.0,0.0],"scale":[3.8095,3.8095,3.8095]}}}