{"textures":{"0":"modelengine:entity/wbyeti"},"elements":[{"name":"cube","from":[12.848255,15.933585,9.679368],"to":[15.813573,18.563877,12.245507],"rotation":{"angle":45.0,"axis":"z","origin":[9.133574,12.974132,10.576566]},"faces":{"down":{"uv":[7.0625,0.5625,6.375,1.125],"rotation":0,"texture":"#0","tintindex":0},"east":{"uv":[6.8125,3.3125,7.375,3.875],"rotation":0,"texture":"#0","tintindex":0},"north":{"uv":[6.125,3.3125,6.8125,3.875],"rotation":0,"texture":"#0","tintindex":0},"south":{"uv":[6.375,0.0,7.0625,0.5625],"rotation":0,"texture":"#0","tintindex":0},"up":{"uv":[1.1875,6.9375,0.5,6.375],"rotation":0,"texture":"#0","tintindex":0},"west":{"uv":[6.875,6.1875,7.4375,6.75],"rotation":0,"texture":"#0","tintindex":0}}}],"display":{"head":{"translation":[0.0,-6.4,0.0],"rotation":[0.0,0.0,0.0],"scale":[3.8095,3.8095,3.8095]}}}