{"textures":{"0":"modelengine:entity/wbyeti"},"elements":[{"name":"cube","from":[14.228404,10.20051,8.380301],"to":[16.960308,11.356317,11.742644],"rotation":{"angle":0.0,"axis":"x","origin":[12.232014,10.305584,10.061473]},"faces":{"down":{"uv":[5.9375,5.3125,5.3125,6.0625],"rotation":0,"texture":"#0","tintindex":0},"east":{"uv":[7.8125,7.6875,8.5625,7.9375],"rotation":0,"texture":"#0","tintindex":0},"north":{"uv":[8.0,3.1875,8.625,3.4375],"rotation":0,"texture":"#0","tintindex":0},"south":{"uv":[8.0,3.4375,8.625,3.6875],"rotation":0,"texture":"#0","tintindex":0},"up":{"uv":[5.3125,6.0625,4.6875,5.3125],"rotation":0,"texture":"#0","tintindex":0},"west":{"uv":[7.9375,6.125,8.6875,6.375],"rotation":0,"texture":"#0","tintindex":0}}},{"name":"cube","from":[14.648697,10.305584,7.960009],"to":[16.540014,11.5664625,8.800594],"rotation":{"angle":0.0,"axis":"x","origin":[12.232014,10.305584,10.061473]},"faces":{"down":{"uv":[8.5625,3.6875,8.125,3.875],"rotation":0,"texture":"#0","tintindex":0},"east":{"uv":[1.0,6.9375,1.1875,7.25],"rotation":0,"texture":"#0","tintindex":0},"north":{"uv":[6.75,8.0,7.1875,8.3125],"rotation":0,"texture":"#0","tintindex":0},"south":{"uv":[8.0,7.1875,8.4375,7.5],"rotation":0,"texture":"#0","tintindex":0},"up":{"uv":[8.5,5.8125,8.0625,5.625],"rotation":0,"texture":"#0","tintindex":0},"west":{"uv":[6.625,7.0,6.8125,7.3125],"rotation":0,"texture":"#0","tintindex":0}}},{"name":"cube","from":[14.838714,11.055992,10.341669],"to":[16.41481,13.157455,11.602547],"rotation":{"angle":22.5,"axis":"x","origin":[15.416616,12.56204,10.621863]},"faces":{"down":{"uv":[5.5,6.6875,5.125,7.0],"rotation":0,"texture":"#0","tintindex":0},"east":{"uv":[8.0,4.75,8.3125,5.1875],"rotation":0,"texture":"#0","tintindex":0},"north":{"uv":[0.625,4.0,1.0,4.4375],"rotation":0,"texture":"#0","tintindex":0},"south":{"uv":[2.0625,7.8125,2.4375,8.25],"rotation":0,"texture":"#0","tintindex":0},"up":{"uv":[2.0,5.8125,1.625,5.5],"rotation":0,"texture":"#0","tintindex":0},"west":{"uv":[5.5,8.0,5.8125,8.4375],"rotation":0,"texture":"#0","tintindex":0}}},{"name":"cube","from":[14.6355715,11.977876,10.031673],"to":[16.589933,14.989974,11.656805],"rotation":{"angle":-22.5,"axis":"x","origin":[15.332558,12.741407,10.395926]},"faces":{"down":{"uv":[8.375,6.8125,7.9375,7.1875],"rotation":0,"texture":"#0","tintindex":0},"east":{"uv":[2.6875,7.375,3.0625,8.0625],"rotation":0,"texture":"#0","tintindex":0},"north":{"uv":[1.0,7.25,1.4375,7.9375],"rotation":0,"texture":"#0","tintindex":0},"south":{"uv":[6.625,7.3125,7.0625,8.0],"rotation":0,"texture":"#0","tintindex":0},"up":{"uv":[5.9375,6.4375,5.5,6.0625],"rotation":0,"texture":"#0","tintindex":0},"west":{"uv":[4.0,7.4375,4.375,8.125],"rotation":0,"texture":"#0","tintindex":0}}}],"display":{"head":{"translation":[0.0,-6.4,0.0],"rotation":[0.0,0.0,0.0],"scale":[3.8095,3.8095,3.8095]}}}