{"textures":{"0":"modelengine:entity/wbyeti"},"elements":[{"name":"cube","from":[8.435246,12.650042,7.6397767],"to":[10.721121,16.543987,9.869898],"rotation":{"angle":45.0,"axis":"x","origin":[9.907339,13.778443,10.576566]},"faces":{"down":{"uv":[8.0,1.0625,7.5,1.5625],"rotation":0,"texture":"#0","tintindex":0},"east":{"uv":[1.125,5.5,1.625,6.375],"rotation":0,"texture":"#0","tintindex":0},"north":{"uv":[0.625,5.5,1.125,6.375],"rotation":0,"texture":"#0","tintindex":0},"south":{"uv":[0.0,5.625,0.5,6.5],"rotation":0,"texture":"#0","tintindex":0},"up":{"uv":[0.9375,8.0,0.4375,7.5],"rotation":0,"texture":"#0","tintindex":0},"west":{"uv":[1.625,5.8125,2.125,6.6875],"rotation":0,"texture":"#0","tintindex":0}}},{"name":"cube","from":[8.3694,13.440192,7.6397767],"to":[8.435246,16.543987,9.869898],"rotation":{"angle":45.0,"axis":"x","origin":[9.907339,13.778443,10.576566]},"faces":{"down":{"uv":[6.125,3.3125,6.0625,3.8125],"rotation":0,"texture":"#0","tintindex":0},"east":{"uv":[6.625,2.0,7.125,2.6875],"rotation":0,"texture":"#0","tintindex":0},"north":{"uv":[2.0625,4.4375,2.125,5.125],"rotation":0,"texture":"#0","tintindex":0},"south":{"uv":[0.5,5.625,0.5625,6.3125],"rotation":0,"texture":"#0","tintindex":0},"up":{"uv":[5.4375,5.125,5.375,4.625],"rotation":0,"texture":"#0","tintindex":0},"west":{"uv":[1.625,6.6875,2.125,7.375],"rotation":0,"texture":"#0","tintindex":0}}},{"name":"cube","from":[8.395739,16.233667,9.80229],"to":[10.721121,19.068813,12.032411],"rotation":{"angle":0.0,"axis":"x","origin":[9.907339,13.778443,10.576566]},"faces":{"down":{"uv":[7.9375,6.6875,7.4375,7.1875],"rotation":0,"texture":"#0","tintindex":0},"east":{"uv":[7.0,5.0,7.5,5.625],"rotation":0,"texture":"#0","tintindex":0},"north":{"uv":[7.0,1.125,7.5,1.75],"rotation":0,"texture":"#0","tintindex":0},"south":{"uv":[5.125,7.0,5.625,7.625],"rotation":0,"texture":"#0","tintindex":0},"up":{"uv":[7.9375,6.6875,7.4375,6.1875],"rotation":0,"texture":"#0","tintindex":0},"west":{"uv":[5.625,7.0,6.125,7.625],"rotation":0,"texture":"#0","tintindex":0}}}],"display":{"head":{"translation":[0.0,-6.4,0.0],"rotation":[0.0,0.0,0.0],"scale":[3.8095,3.8095,3.8095]}}}