{"textures":{"0":"modelengine:entity/wbyeti"},"elements":[{"name":"cube","from":[12.051689,19.907867,12.44295],"to":[15.600147,23.273418,14.893947],"rotation":{"angle":0.0,"axis":"x","origin":[7.7961903,0.8230264,11.370031]},"faces":{"down":{"uv":[8.3125,0.5,7.6875,0.875],"rotation":0,"texture":"#0","tintindex":0},"east":{"uv":[3.5625,7.5625,3.9375,8.1875],"rotation":0,"texture":"#0","tintindex":0},"north":{"uv":[4.25,6.0625,4.875,6.6875],"rotation":0,"texture":"#0","tintindex":0},"south":{"uv":[4.875,6.0625,5.5,6.6875],"rotation":0,"texture":"#0","tintindex":0},"up":{"uv":[6.125,8.0,5.5,7.625],"rotation":0,"texture":"#0","tintindex":0},"west":{"uv":[5.125,7.625,5.5,8.25],"rotation":0,"texture":"#0","tintindex":0}}},{"name":"cube","from":[12.2346,19.907867,11.057923],"to":[15.417236,20.346855,12.44295],"rotation":{"angle":0.0,"axis":"x","origin":[7.7961903,0.8230264,11.370031]},"faces":{"down":{"uv":[5.9375,5.125,5.375,5.3125],"rotation":0,"texture":"#0","tintindex":0},"east":{"uv":[5.25,4.125,5.4375,4.1875],"rotation":0,"texture":"#0","tintindex":0},"north":{"uv":[0.0,2.0,0.5625,2.0625],"rotation":0,"texture":"#0","tintindex":0},"south":{"uv":[0.5625,2.0,1.125,2.0625],"rotation":0,"texture":"#0","tintindex":0},"up":{"uv":[3.9375,5.3125,3.375,5.125],"rotation":0,"texture":"#0","tintindex":0},"west":{"uv":[5.25,4.1875,5.4375,4.25],"rotation":0,"texture":"#0","tintindex":0}}},{"name":"cube","from":[13.51027,15.708148,-3.140161],"to":[14.141566,17.446781,-2.4317489],"rotation":{"angle":45.0,"axis":"x","origin":[7.7961903,0.8230264,11.370031]},"faces":{"down":{"uv":[4.0,5.25,3.9375,5.3125],"rotation":0,"texture":"#0","tintindex":0},"east":{"uv":[7.0625,1.75,7.125,2.0],"rotation":0,"texture":"#0","tintindex":0},"north":{"uv":[6.8125,7.0,6.875,7.25],"rotation":0,"texture":"#0","tintindex":0},"south":{"uv":[4.0,7.125,4.0625,7.375],"rotation":0,"texture":"#0","tintindex":0},"up":{"uv":[4.0,5.25,3.9375,5.1875],"rotation":0,"texture":"#0","tintindex":0},"west":{"uv":[4.0625,7.125,4.125,7.375],"rotation":0,"texture":"#0","tintindex":0}}},{"name":"cube","from":[12.60042,20.346851,11.127972],"to":[15.051417,21.883297,12.44295],"rotation":{"angle":0.0,"axis":"x","origin":[7.7961903,0.8230264,11.370031]},"faces":{"down":{"uv":[5.125,3.6875,4.75,3.8125],"rotation":0,"texture":"#0","tintindex":0},"east":{"uv":[5.9375,2.5625,6.0625,2.75],"rotation":0,"texture":"#0","tintindex":0},"north":{"uv":[6.5,6.1875,6.875,6.375],"rotation":0,"texture":"#0","tintindex":0},"south":{"uv":[8.125,3.875,8.5,4.0625],"rotation":0,"texture":"#0","tintindex":0},"up":{"uv":[5.0,4.25,4.625,4.125],"rotation":0,"texture":"#0","tintindex":0},"west":{"uv":[5.9375,2.75,6.0625,2.9375],"rotation":0,"texture":"#0","tintindex":0}}},{"name":"cube","from":[12.236429,20.33039,11.311122],"to":[12.548043,21.549267,11.610361],"rotation":{"angle":0.0,"axis":"x","origin":[7.7961903,0.8230264,11.370031]},"faces":{"down":{"uv":[4.0,5.125,3.9375,5.1875],"rotation":0,"texture":"#0","tintindex":0},"east":{"uv":[6.3125,0.0,6.375,0.25],"rotation":0,"texture":"#0","tintindex":0},"north":{"uv":[6.25,0.0,6.3125,0.25],"rotation":0,"texture":"#0","tintindex":0},"south":{"uv":[0.4375,6.5,0.5,6.75],"rotation":0,"texture":"#0","tintindex":0},"up":{"uv":[2.0625,5.125,2.0,5.0625],"rotation":0,"texture":"#0","tintindex":0},"west":{"uv":[7.0,1.75,7.0625,2.0],"rotation":0,"texture":"#0","tintindex":0}}},{"name":"cube","from":[15.103793,20.33039,11.311122],"to":[15.415408,21.549267,11.610361],"rotation":{"angle":0.0,"axis":"x","origin":[7.7961903,0.8230264,11.370031]},"faces":{"down":{"uv":[1.75,3.6875,1.6875,3.75],"rotation":0,"texture":"#0","tintindex":0},"east":{"uv":[1.0,4.0,1.0625,4.25],"rotation":0,"texture":"#0","tintindex":0},"north":{"uv":[1.6875,3.375,1.75,3.625],"rotation":0,"texture":"#0","tintindex":0},"south":{"uv":[2.0,4.8125,2.0625,5.0625],"rotation":0,"texture":"#0","tintindex":0},"up":{"uv":[1.75,3.6875,1.6875,3.625],"rotation":0,"texture":"#0","tintindex":0},"west":{"uv":[5.375,0.3125,5.4375,0.5625],"rotation":0,"texture":"#0","tintindex":0}}},{"name":"cube","from":[3.6901298,22.827572,12.32285],"to":[4.78926,23.212704,12.745021],"rotation":{"angle":-22.5,"axis":"z","origin":[7.7961903,0.8230264,11.370031]},"faces":{"down":{"uv":[6.0,3.6875,5.875,3.75],"rotation":0,"texture":"#0","tintindex":0},"east":{"uv":[1.6875,3.75,1.75,3.8125],"rotation":0,"texture":"#0","tintindex":0},"north":{"uv":[1.125,2.0,1.25,2.0625],"rotation":0,"texture":"#0","tintindex":0},"south":{"uv":[4.4375,1.625,4.5625,1.6875],"rotation":0,"texture":"#0","tintindex":0},"up":{"uv":[4.5625,1.75,4.4375,1.6875],"rotation":0,"texture":"#0","tintindex":0},"west":{"uv":[1.0,4.25,1.0625,4.3125],"rotation":0,"texture":"#0","tintindex":0}}},{"name":"cube","from":[21.944607,18.212618,12.32285],"to":[23.043736,18.597748,12.745021],"rotation":{"angle":22.5,"axis":"z","origin":[7.7961903,0.8230264,11.370031]},"faces":{"down":{"uv":[3.9375,6.0,3.8125,6.0625],"rotation":0,"texture":"#0","tintindex":0},"east":{"uv":[1.0,4.3125,1.0625,4.375],"rotation":0,"texture":"#0","tintindex":0},"north":{"uv":[5.875,3.75,6.0,3.8125],"rotation":0,"texture":"#0","tintindex":0},"south":{"uv":[5.9375,2.9375,6.0625,3.0],"rotation":0,"texture":"#0","tintindex":0},"up":{"uv":[3.8125,6.0625,3.6875,6.0],"rotation":0,"texture":"#0","tintindex":0},"west":{"uv":[1.0,4.375,1.0625,4.4375],"rotation":0,"texture":"#0","tintindex":0}}},{"name":"cube","from":[22.597591,17.569462,13.476426],"to":[24.362091,18.432152,14.422088],"rotation":{"angle":22.5,"axis":"z","origin":[7.7961903,0.8230264,11.370031]},"faces":{"down":{"uv":[5.375,3.75,5.125,3.8125],"rotation":0,"texture":"#0","tintindex":0},"east":{"uv":[5.375,0.5625,5.4375,0.625],"rotation":0,"texture":"#0","tintindex":0},"north":{"uv":[5.0,4.125,5.25,4.1875],"rotation":0,"texture":"#0","tintindex":0},"south":{"uv":[5.0,4.1875,5.25,4.25],"rotation":0,"texture":"#0","tintindex":0},"up":{"uv":[5.375,3.75,5.125,3.6875],"rotation":0,"texture":"#0","tintindex":0},"west":{"uv":[5.875,1.1875,5.9375,1.25],"rotation":0,"texture":"#0","tintindex":0}}},{"name":"cube","from":[2.3717742,22.184414,13.476426],"to":[4.1362734,23.047108,14.422088],"rotation":{"angle":-22.5,"axis":"z","origin":[7.7961903,0.8230264,11.370031]},"faces":{"down":{"uv":[5.875,3.75,5.625,3.8125],"rotation":0,"texture":"#0","tintindex":0},"east":{"uv":[6.625,6.375,6.6875,6.4375],"rotation":0,"texture":"#0","tintindex":0},"north":{"uv":[5.375,3.6875,5.625,3.75],"rotation":0,"texture":"#0","tintindex":0},"south":{"uv":[5.375,3.75,5.625,3.8125],"rotation":0,"texture":"#0","tintindex":0},"up":{"uv":[5.875,3.75,5.625,3.6875],"rotation":0,"texture":"#0","tintindex":0},"west":{"uv":[6.6875,6.375,6.75,6.4375],"rotation":0,"texture":"#0","tintindex":0}}},{"name":"cube","from":[29.416897,10.008379,13.561536],"to":[30.459408,10.715788,14.336978],"rotation":{"angle":45.0,"axis":"z","origin":[7.7961903,0.8230264,11.370031]},"faces":{"down":{"uv":[4.0,6.0,3.9375,6.0625],"rotation":0,"texture":"#0","tintindex":0},"east":{"uv":[5.875,5.0,5.9375,5.0625],"rotation":0,"texture":"#0","tintindex":0},"north":{"uv":[5.875,1.25,5.9375,1.3125],"rotation":0,"texture":"#0","tintindex":0},"south":{"uv":[5.875,5.0625,5.9375,5.125],"rotation":0,"texture":"#0","tintindex":0},"up":{"uv":[6.0625,3.8125,6.0,3.75],"rotation":0,"texture":"#0","tintindex":0},"west":{"uv":[6.0,3.6875,6.0625,3.75],"rotation":0,"texture":"#0","tintindex":0}}},{"name":"cube","from":[-6.3397026,18.535702,13.561536],"to":[-5.2971907,19.24311,14.336978],"rotation":{"angle":-45.0,"axis":"z","origin":[7.7961903,0.8230264,11.370031]},"faces":{"down":{"uv":[6.875,6.375,6.8125,6.4375],"rotation":0,"texture":"#0","tintindex":0},"east":{"uv":[3.5625,6.75,3.625,6.8125],"rotation":0,"texture":"#0","tintindex":0},"north":{"uv":[0.4375,6.75,0.5,6.8125],"rotation":0,"texture":"#0","tintindex":0},"south":{"uv":[3.625,6.75,3.6875,6.8125],"rotation":0,"texture":"#0","tintindex":0},"up":{"uv":[0.5,6.875,0.4375,6.8125],"rotation":0,"texture":"#0",