{
	"credit": "Made with Blockbench",
	"textures": {
		"1": "item/weapons/ren/1",
		"particle": "item/weapons/ren/1"
	},
	"elements": [
		{
			"from": [-14, -13, -14],
			"to": [30, 31, 30],
			"rotation": {"angle": 0, "axis": "y", "origin": [8, 5, 8]},
			"faces": {
				"north": {"uv": [12.33333, 3.33333, 12.66667, 3.66667], "texture": "#1"},
				"east": {"uv": [12.33333, 3.33333, 12.66667, 3.66667], "texture": "#1"},
				"south": {"uv": [12.33333, 3.33333, 12.66667, 3.66667], "texture": "#1"},
				"west": {"uv": [12.33333, 3.33333, 12.66667, 3.66667], "texture": "#1"},
				"up": {"uv": [12.33333, 3.33333, 12.66667, 3.66667], "texture": "#1"},
				"down": {"uv": [12.33333, 3.33333, 12.66667, 3.66667], "texture": "#1"}
			}
		}
	],
	"display": {
		"thirdperson_righthand": {
			"rotation": [-4.25, -76.75, 44.5],
			"translation": [-0.75, 4.25, 0.75],
			"scale": [1.8, 1.8, 1.83]
		},
		"thirdperson_lefthand": {
			"rotation": [4, 118.5, -43],
			"translation": [0.25, 3.5, 1.5],
			"scale": [1.8, 1.8, 1.83]
		},
		"firstperson_righthand": {
			"rotation": [-30.25, -68.75, 66],
			"translation": [-1.25, 4.5, 4.25],
			"scale": [1, 1, 1.26]
		},
		"firstperson_lefthand": {
			"rotation": [-30.25, -68.75, 66],
			"translation": [-1.25, 4.5, 4.25],
			"scale": [-1, 1, 1.26]
		},
		"ground": {
			"translation": [0, 1.75, 0]
		},
		"gui": {
			"rotation": [0, 0, -0.25],
			"translation": [0.25, 0.25, 0],
			"scale": [1.00391, 1.00391, 1.00391]
		},
		"head": {
			"rotation": [-170.75, 0, -84.25],
			"translation": [4.5, -12, 4.5],
			"scale": [2.6, 2.6, 1.3]
		},
		"fixed": {
			"rotation": [0, -180, 0.25],
			"translation": [-0.25, 0.5, -0.75],
			"scale": [1.24414, 1.24414, 1.24414]
		}
	}
}