{"textures":{"0":"modelengine:entity/firedragon"},"elements":[{"name":"nail","from":[14.558604,5.911745,-1.1331139],"to":[15.112663,6.2441797,0.03040862],"rotation":{"angle":-22.5,"axis":"x","origin":[5.139614,3.8894322,6.2912664]},"faces":{"down":{"uv":[6.4375,9.5625,6.375,9.4375],"rotation":0,"texture":"#0","tintindex":0},"east":{"uv":[6.25,9.4375,6.125,9.5],"rotation":0,"texture":"#0","tintindex":0},"north":{"uv":[6.125,8.9375,6.0625,9.0],"rotation":0,"texture":"#0","tintindex":0},"south":{"uv":[8.9375,1.0625,8.875,1.125],"rotation":0,"texture":"#0","tintindex":0},"up":{"uv":[9.125,7.9375,9.0625,8.0625],"rotation":0,"texture":"#0","tintindex":0},"west":{"uv":[6.375,9.4375,6.25,9.5],"rotation":0,"texture":"#0","tintindex":0}}},{"name":"toeend","from":[12.323227,2.91983,-4.8648577],"to":[13.431343,3.8063235,-3.9783645],"rotation":{"angle":-22.5,"axis":"y","origin":[2.9042363,0.8975177,2.2824938]},"faces":{"down":{"uv":[9.4375,9.3125,9.3125,9.1875],"rotation":0,"texture":"#0","tintindex":0},"east":{"uv":[9.4375,8.3125,9.3125,8.4375],"rotation":0,"texture":"#0","tintindex":0},"north":{"uv":[9.4375,8.4375,9.3125,8.5625],"rotation":0,"texture":"#0","tintindex":0},"south":{"uv":[9.4375,8.1875,9.3125,8.3125],"rotation":0,"texture":"#0","tintindex":0},"up":{"uv":[9.4375,8.9375,9.3125,9.0625],"rotation":0,"texture":"#0","tintindex":0},"west":{"uv":[9.4375,8.5625,9.3125,8.6875],"rotation":0,"texture":"#0","tintindex":0}}},{"name":"toe2","from":[12.106536,2.91983,-4.144582],"to":[13.214652,3.4738884,-1.3188848],"rotation":{"angle":-22.5,"axis":"y","origin":[2.6875453,0.8975177,2.8365526]},"faces":{"down":{"uv":[3.25,9.375,3.125,9.0625],"rotation":0,"texture":"#0","tintindex":0},"east":{"uv":[9.5625,1.8125,9.25,1.875],"rotation":0,"texture":"#0","tintindex":0},"north":{"uv":[6.125,9.4375,6.0,9.5],"rotation":0,"texture":"#0","tintindex":0},"south":{"uv":[6.0,9.4375,5.875,9.5],"rotation":0,"texture":"#0","tintindex":0},"up":{"uv":[3.125,9.0625,3.0,9.375],"rotation":0,"texture":"#0","tintindex":0},"west":{"uv":[9.5625,2.75,9.25,2.8125],"rotation":0,"texture":"#0","tintindex":0}}},{"name":"nail","from":[10.709752,5.911745,-1.2607942],"to":[11.26381,6.2441797,-0.09727216],"rotation":{"angle":-22.5,"axis":"x","origin":[1.2907618,3.8894322,6.163587]},"faces":{"down":{"uv":[5.3125,9.1875,5.25,9.0625],"rotation":0,"texture":"#0","tintindex":0},"east":{"uv":[4.75,9.4375,4.625,9.5],"rotation":0,"texture":"#0","tintindex":0},"north":{"uv":[2.3125,8.75,2.25,8.8125],"rotation":0,"texture":"#0","tintindex":0},"south":{"uv":[4.875,8.6875,4.8125,8.75],"rotation":0,"texture":"#0","tintindex":0},"up":{"uv":[1.25,8.875,1.1875,9.0],"rotation":0,"texture":"#0","tintindex":0},"west":{"uv":[5.875,9.4375,5.75,9.5],"rotation":0,"texture":"#0","tintindex":0}}},{"name":"toeend","from":[13.790532,2.91983,2.6113534],"to":[14.898648,3.8063235,3.497847],"rotation":{"angle":22.5,"axis":"y","origin":[4.3715415,0.8975177,9.758705]},"faces":{"down":{"uv":[9.4375,8.1875,9.3125,8.0625],"rotation":0,"texture":"#0","tintindex":0},"east":{"uv":[9.4375,7.375,9.3125,7.5],"rotation":0,"texture":"#0","tintindex":0},"north":{"uv":[9.4375,7.5,9.3125,7.625],"rotation":0,"texture":"#0","tintindex":0},"south":{"uv":[9.4375,7.125,9.3125,7.25],"rotation":0,"texture":"#0","tintindex":0},"up":{"uv":[9.4375,7.9375,9.3125,8.0625],"rotation":0,"texture":"#0","tintindex":0},"west":{"uv":[9.4375,7.625,9.3125,7.75],"rotation":0,"texture":"#0","tintindex":0}}},{"name":"toe2","from":[14.028892,2.91983,3.3316298],"to":[15.13701,3.4738884,6.157327],"rotation":{"angle":22.5,"axis":"y","origin":[4.609902,0.8975177,10.312764]},"faces":{"down":{"uv":[3.0,9.375,2.875,9.0625],"rotation":0,"texture":"#0","tintindex":0},"east":{"uv":[9.5625,1.6875,9.25,1.75],"rotation":0,"texture":"#0","tintindex":0},"north":{"uv":[1.75,9.4375,1.625,9.5],"rotation":0,"texture":"#0","tintindex":0},"south":{"uv":[1.625,9.4375,1.5,9.5],"rotation":0,"texture":"#0","tintindex":0},"up":{"uv":[2.875,9.0625,2.75,9.375],"rotation":0,"texture":"#0","tintindex":0},"west":{"uv":[9.5625,1.75,9.25,1.8125],"rotation":0,"texture":"#0","tintindex":0}}},{"name":"nail","from":[12.779582,5.911745,-2.839138],"to":[13.33364,6.2441797,-1.6756163],"rotation":{"angle":-22.5,"axis":"x","origin":[3.3605914,3.8894322,4.585243]},"faces":{"down":{"uv":[8.625,8.9375,8.5625,8.8125],"rotation":0,"texture":"#0","tintindex":0},"east":{"uv":[9.5,9.3125,9.375,9.375],"rotation":0,"texture":"#0","tintindex":0},"north":{"uv":[6.1875,8.5,6.125,8.5625],"rotation":0,"texture":"#0","tintindex":0},"south":{"uv":[8.3125,3.8125,8.25,3.875],"rotation":0,"texture":"#0","tintindex":0},"up":{"uv":[8.75,7.125,8.6875,7.25],"rotation":0,"texture":"#0","tintindex":0},"west":{"uv":[1.125,9.4375,1.0,9.5],"rotation":0,"texture":"#0","tintindex":0}}},{"name":"toeend","from":[12.447146,2.91983,-2.1188617],"to":[13.5552635,3.8063235,-1.2323685],"rotation":{"angle":0.0,"axis":"x","origin":[3.0281565,0.8975177,5.02849]},"faces":{"down":{"uv":[9.4375,6.9375,9.3125,6.8125],"rotation":0,"texture":"#0","tintindex":0},"east":{"uv":[9.4375,6.125,9.3125,6.25],"rotation":0,"texture":"#0","tintindex":0},"north":{"uv":[9.4375,6.4375,9.3125,6.5625],"rotation":0,"texture":"#0","tintindex":0},"south":{"uv":[9.4375,5.75,9.3125,5.875],"rotation":0,"texture":"#0","tintindex":0},"up":{"uv":[9.4375,6.6875,9.3125,6.8125],"rotation":0,"texture":"#0","tintindex":0},"west":{"uv":[9.4375,6.5625,9.3125,6.6875],"rotation":0,"texture":"#0","tintindex":0}}},{"name":"toe2","from":[12.447146,2.91983,-1.3985863],"to":[13.5552635,3.4738884,1.4271108],"rotation":{"angle":0.0,"axis":"x","origin":[3.0281565,0.8975177,5.5825477]},"faces":{"down":{"uv":[2.75,9.375,2.625,9.0625],"rotation":0,"texture":"#0","tintindex":0},"east":{"uv":[9.5625,1.5625,9.25,1.625],"rotation":0,"texture":"#0","tintindex":0},"north":{"uv":[9.5,9.125,9.375,9.1875],"rotation":0,"texture":"#0","tintindex":0},"south":{"uv":[9.5,9.0625,9.375,9.125],"rotation":0,"texture":"#0","tintindex":0},"up":{"uv":[1.0,9.0625,0.875,9.375],"rotation":0,"texture":"#0","tintindex":0},"west":{"uv":[9.5625,1.625,9.25,1.6875],"rotation":0,"texture":"#0","tintindex":0}}},{"name":"leg","from":[11.893089,3.030642,0.6514292],"to":[14.109321,6.90905,3.0892851],"rotation":{"angle":0.0,"axis":"x","origin":[3.5822148,3.7786205,7.2447233]},"faces":{"down":{"uv":[0.25,9.1875,0.0,8.9375],"rotation":0,"texture":"#0","tintindex":0},"east":{"uv":[5.875,8.5,5.625,8.9375],"rotation":0,"texture":"#0","tintindex":0},"north":{"uv":[6.125,8.5,5.875,8.9375],"rotation":0,"texture":"#0","tintindex":0},"south":{"uv":[5.625,8.5,5.375,8.9375],"rotation":0,"texture":"#0","tintindex":0},"up":{"uv":[9.125,8.3125,8.875,8.5625],"rotation":0,"texture":"#0","tintindex":0},"west":{"uv":[0.5,8.5625,0.25,9.0],"rotation":0,"texture":"#0","tintindex":0}}},{"name":"conectbot","from":[11.893089,5.57931,-3.060761],"to":[14.109321,6.6874266,-0.8445282],"rotation":{"angle":22.5,"axis":"x","origin":[3.5822148,3.7232146,3.310909]},"faces":{"down":{"uv":[9.125,8.3125,8.875,8.0625],"rotation":0,"texture":"#0","tintindex":0},"east":{"uv":[9.3125,9.1875,9.0625,9.3125],"rotation":0,"texture":"#0","tintindex":0},"north":{"uv":[9.4375,0.375,9.1875,0.5],"rotation":0,"texture":"#0","tintindex":0},"south":{"uv":[9.0625,9.1875,8.8125,9.3125],"rotation":0,"texture":"#0","tintindex":0},"up":{"uv":[9.125,6.875,8.875,7.125],"rotation":0,"texture":"#0","tintindex":0},"west":{"uv":[9.4375,0.5,9.1875,0.625],"rotation":0,"texture":"#0","tintindex":0}}},{"name":"conecttop","from":[12.059306,9.67934,1.1500819],"to":[14.109321,10.233399,2.479822],"rotation":{"angle":0.0,"axis":"x","origin":[3.5822148,7.6570287,6.6352587]},"faces":{"down":{"uv":[8.8125,9.3125,8.5625,9.1875],"rotation":0,"texture":"#0","tintindex":0},"east":{"uv":[9.5,7.0,9.375,7.0625],"rotation":0,"texture":"#0","tintindex":0},"north":{"uv":[9.125,6.0,8.875,6.0625],"rotation":0,"texture":"#0","tintindex":0},"south":{"uv":[8.5625,2.875,8.3125,2.9375],"rotation":0,"texture":"#0",