{"textures":{"0":"modelengine:entity/firedragon"},"elements":[{"name":"nail","from":[14.255625,5.911745,-1.5093689],"to":[14.809684,6.2441797,-0.3458464],"rotation":{"angle":-22.5,"axis":"x","origin":[4.836634,3.8894322,5.9150114]},"faces":{"down":{"uv":[9.5,3.375,9.4375,3.25],"rotation":0,"texture":"#0","tintindex":0},"east":{"uv":[9.5625,3.0,9.4375,3.0625],"rotation":0,"texture":"#0","tintindex":0},"north":{"uv":[9.5,7.625,9.4375,7.6875],"rotation":0,"texture":"#0","tintindex":0},"south":{"uv":[8.1875,9.3125,8.125,9.375],"rotation":0,"texture":"#0","tintindex":0},"up":{"uv":[9.5,3.125,9.4375,3.25],"rotation":0,"texture":"#0","tintindex":0},"west":{"uv":[9.5625,3.0625,9.4375,3.125],"rotation":0,"texture":"#0","tintindex":0}}},{"name":"toeend","from":[11.95327,2.91983,-5.319909],"to":[13.061387,3.8063235,-4.433417],"rotation":{"angle":-22.5,"axis":"y","origin":[2.5342786,0.8975177,1.8274423]},"faces":{"down":{"uv":[5.75,9.5,5.625,9.375],"rotation":0,"texture":"#0","tintindex":0},"east":{"uv":[5.25,9.375,5.125,9.5],"rotation":0,"texture":"#0","tintindex":0},"north":{"uv":[5.375,9.375,5.25,9.5],"rotation":0,"texture":"#0","tintindex":0},"south":{"uv":[5.125,9.375,5.0,9.5],"rotation":0,"texture":"#0","tintindex":0},"up":{"uv":[5.625,9.375,5.5,9.5],"rotation":0,"texture":"#0","tintindex":0},"west":{"uv":[5.5,9.375,5.375,9.5],"rotation":0,"texture":"#0","tintindex":0}}},{"name":"toe4","from":[11.736579,2.91983,-4.599634],"to":[12.844695,3.4738884,-1.7739367],"rotation":{"angle":-22.5,"axis":"y","origin":[2.3175883,0.8975177,2.3815007]},"faces":{"down":{"uv":[6.9375,9.375,6.8125,9.0625],"rotation":0,"texture":"#0","tintindex":0},"east":{"uv":[9.5625,7.8125,9.25,7.875],"rotation":0,"texture":"#0","tintindex":0},"north":{"uv":[9.5625,2.9375,9.4375,3.0],"rotation":0,"texture":"#0","tintindex":0},"south":{"uv":[9.5625,2.875,9.4375,2.9375],"rotation":0,"texture":"#0","tintindex":0},"up":{"uv":[6.8125,9.0625,6.6875,9.375],"rotation":0,"texture":"#0","tintindex":0},"west":{"uv":[9.5625,7.875,9.25,7.9375],"rotation":0,"texture":"#0","tintindex":0}}},{"name":"toeend","from":[13.545736,2.91983,2.2863166],"to":[14.6538515,3.8063235,3.1728098],"rotation":{"angle":22.5,"axis":"y","origin":[4.1267447,0.8975177,9.433668]},"faces":{"down":{"uv":[5.0,9.5,4.875,9.375],"rotation":0,"texture":"#0","tintindex":0},"east":{"uv":[4.3125,9.375,4.1875,9.5],"rotation":0,"texture":"#0","tintindex":0},"north":{"uv":[4.4375,9.375,4.3125,9.5],"rotation":0,"texture":"#0","tintindex":0},"south":{"uv":[4.1875,9.375,4.0625,9.5],"rotation":0,"texture":"#0","tintindex":0},"up":{"uv":[4.875,9.375,4.75,9.5],"rotation":0,"texture":"#0","tintindex":0},"west":{"uv":[4.5625,9.375,4.4375,9.5],"rotation":0,"texture":"#0","tintindex":0}}},{"name":"nail","from":[10.365147,5.911745,-1.552999],"to":[10.919205,6.2441797,-0.389477],"rotation":{"angle":-22.5,"axis":"x","origin":[0.94615555,3.8894322,5.8713818]},"faces":{"down":{"uv":[9.5,2.6875,9.4375,2.5625],"rotation":0,"texture":"#0","tintindex":0},"east":{"uv":[9.5625,2.25,9.4375,2.3125],"rotation":0,"texture":"#0","tintindex":0},"north":{"uv":[7.5625,9.3125,7.5,9.375],"rotation":0,"texture":"#0","tintindex":0},"south":{"uv":[5.9375,9.3125,5.875,9.375],"rotation":0,"texture":"#0","tintindex":0},"up":{"uv":[9.5,2.4375,9.4375,2.5625],"rotation":0,"texture":"#0","tintindex":0},"west":{"uv":[9.5625,2.3125,9.4375,2.375],"rotation":0,"texture":"#0","tintindex":0}}},{"name":"nail","from":[12.225524,5.911745,-2.839138],"to":[12.779582,6.2441797,-1.6756163],"rotation":{"angle":-22.5,"axis":"x","origin":[2.8065336,3.8894322,4.5852423]},"faces":{"down":{"uv":[9.5,2.0,9.4375,1.875],"rotation":0,"texture":"#0","tintindex":0},"east":{"uv":[9.5625,1.1875,9.4375,1.25],"rotation":0,"texture":"#0","tintindex":0},"north":{"uv":[4.8125,9.3125,4.75,9.375],"rotation":0,"texture":"#0","tintindex":0},"south":{"uv":[2.625,9.3125,2.5625,9.375],"rotation":0,"texture":"#0","tintindex":0},"up":{"uv":[9.5,1.3125,9.4375,1.4375],"rotation":0,"texture":"#0","tintindex":0},"west":{"uv":[9.5625,1.25,9.4375,1.3125],"rotation":0,"texture":"#0","tintindex":0}}},{"name":"toe4","from":[13.719089,2.91983,3.0065923],"to":[14.827205,3.4738884,5.8322897],"rotation":{"angle":22.5,"axis":"y","origin":[4.3000975,0.8975177,9.987726]},"faces":{"down":{"uv":[6.6875,9.375,6.5625,9.0625],"rotation":0,"texture":"#0","tintindex":0},"east":{"uv":[9.5625,5.1875,9.25,5.25],"rotation":0,"texture":"#0","tintindex":0},"north":{"uv":[9.5625,2.1875,9.4375,2.25],"rotation":0,"texture":"#0","tintindex":0},"south":{"uv":[9.5625,2.125,9.4375,2.1875],"rotation":0,"texture":"#0","tintindex":0},"up":{"uv":[6.5625,9.0625,6.4375,9.375],"rotation":0,"texture":"#0","tintindex":0},"west":{"uv":[9.5625,7.75,9.25,7.8125],"rotation":0,"texture":"#0","tintindex":0}}},{"name":"toeend","from":[11.893089,2.91983,-2.118863],"to":[13.001205,3.8063235,-1.2323694],"rotation":{"angle":0.0,"axis":"x","origin":[2.4740977,0.8975177,5.028489]},"faces":{"down":{"uv":[3.875,9.5,3.75,9.375],"rotation":0,"texture":"#0","tintindex":0},"east":{"uv":[3.375,9.375,3.25,9.5],"rotation":0,"texture":"#0","tintindex":0},"north":{"uv":[3.5,9.375,3.375,9.5],"rotation":0,"texture":"#0","tintindex":0},"south":{"uv":[3.25,9.375,3.125,9.5],"rotation":0,"texture":"#0","tintindex":0},"up":{"uv":[3.75,9.375,3.625,9.5],"rotation":0,"texture":"#0","tintindex":0},"west":{"uv":[3.625,9.375,3.5,9.5],"rotation":0,"texture":"#0","tintindex":0}}},{"name":"toe4","from":[11.893089,2.91983,-1.3985868],"to":[13.001205,3.4738884,1.4271108],"rotation":{"angle":0.0,"axis":"x","origin":[2.4740977,0.8975177,5.5825477]},"faces":{"down":{"uv":[6.4375,9.375,6.3125,9.0625],"rotation":0,"texture":"#0","tintindex":0},"east":{"uv":[9.5625,5.0625,9.25,5.125],"rotation":0,"texture":"#0","tintindex":0},"north":{"uv":[9.5625,1.125,9.4375,1.1875],"rotation":0,"texture":"#0","tintindex":0},"south":{"uv":[9.5625,1.0625,9.4375,1.125],"rotation":0,"texture":"#0","tintindex":0},"up":{"uv":[5.25,9.0625,5.125,9.375],"rotation":0,"texture":"#0","tintindex":0},"west":{"uv":[9.5625,5.125,9.25,5.1875],"rotation":0,"texture":"#0","tintindex":0}}},{"name":"leg","from":[11.339031,3.030642,0.6514292],"to":[13.5552635,6.90905,3.0892851],"rotation":{"angle":0.0,"axis":"x","origin":[3.0281565,3.7786205,7.2447224]},"faces":{"down":{"uv":[9.1875,3.8125,8.9375,3.5625],"rotation":0,"texture":"#0","tintindex":0},"east":{"uv":[7.875,8.5625,7.625,9.0],"rotation":0,"texture":"#0","tintindex":0},"north":{"uv":[8.125,8.5625,7.875,9.0],"rotation":0,"texture":"#0","tintindex":0},"south":{"uv":[7.625,8.5625,7.375,9.0],"rotation":0,"texture":"#0","tintindex":0},"up":{"uv":[9.1875,2.4375,8.9375,2.6875],"rotation":0,"texture":"#0","tintindex":0},"west":{"uv":[8.375,8.5625,8.125,9.0],"rotation":0,"texture":"#0","tintindex":0}}},{"name":"conectbot","from":[11.339031,5.57931,-3.060762],"to":[13.5552635,6.6874266,-0.8445282],"rotation":{"angle":22.5,"axis":"x","origin":[3.0281565,3.7232146,3.3109086]},"faces":{"down":{"uv":[9.1875,1.3125,8.9375,1.0625],"rotation":0,"texture":"#0","tintindex":0},"east":{"uv":[9.4375,3.25,9.1875,3.375],"rotation":0,"texture":"#0","tintindex":0},"north":{"uv":[9.4375,3.375,9.1875,3.5],"rotation":0,"texture":"#0","tintindex":0},"south":{"uv":[9.4375,3.125,9.1875,3.25],"rotation":0,"texture":"#0","tintindex":0},"up":{"uv":[9.0625,8.9375,8.8125,9.1875],"rotation":0,"texture":"#0","tintindex":0},"west":{"uv":[9.4375,3.5,9.1875,3.625],"rotation":0,"texture":"#0","tintindex":0}}},{"name":"conecttop","from":[11.339031,9.67934,1.1500814],"to":[13.389046,10.233399,2.4798214],"rotation":{"angle":0.0,"axis":"x","origin":[2.861939,7.6570287,6.635258]},"faces":{"down":{"uv":[9.4375,3.125,9.1875,3.0],"rotation":0,"texture":"#0","tintindex":0},"east":{"uv":[9.5625,0.75,9.4375,0.8125],"rotation":0,"texture":"#0","tintindex":0},"north":{"uv":[9.5625,5.5625,9.3125,5.625],"rotation":0,"texture":"#0","tintindex":0},"south":{"uv":[9.5625,2.375,9.3125,2.4375],"rotation":0,"texture":"#0","tintindex":0},