{"textures":{"0":"modelengine:entity/firedragon"},"elements":[{"name":"belly","from":[4.4133024,8.70974,-3.891849],"to":[11.616059,9.263798,14.946133],"rotation":{"angle":0.0,"axis":"x","origin":[8.29171,9.263798,6.635258]},"faces":{"down":{"uv":[0.8125,4.375,0.0,2.25],"rotation":0,"texture":"#0","tintindex":0},"east":{"uv":[7.3125,5.125,5.1875,5.1875],"rotation":0,"texture":"#0","tintindex":0},"north":{"uv":[7.4375,1.8125,6.625,1.875],"rotation":0,"texture":"#0","tintindex":0},"south":{"uv":[4.75,3.875,3.9375,3.9375],"rotation":0,"texture":"#0","tintindex":0},"up":{"uv":[2.6875,1.875,1.875,4.0],"rotation":0,"texture":"#0","tintindex":0},"west":{"uv":[8.3125,5.5,6.1875,5.5625],"rotation":0,"texture":"#0","tintindex":0}}},{"name":"main body","from":[3.8592439,9.263798,-4.445907],"to":[12.170118,15.912497,15.500191],"rotation":{"angle":0.0,"axis":"x","origin":[8.29171,9.263798,6.635258]},"faces":{"down":{"uv":[1.875,3.1875,0.9375,0.9375],"rotation":0,"texture":"#0","tintindex":0},"east":{"uv":[3.1875,0.0,0.9375,0.75],"rotation":0,"texture":"#0","tintindex":0},"north":{"uv":[4.875,3.9375,3.9375,4.6875],"rotation":0,"texture":"#0","tintindex":0},"south":{"uv":[4.125,0.0,3.1875,0.75],"rotation":0,"texture":"#0","tintindex":0},"up":{"uv":[0.9375,0.0,0.0,2.25],"rotation":0,"texture":"#0","tintindex":0},"west":{"uv":[4.125,0.75,1.875,1.5],"rotation":0,"texture":"#0","tintindex":0}}},{"name":"back","from":[4.9673605,15.912497,-3.891849],"to":[11.062001,16.466555,14.946133],"rotation":{"angle":0.0,"axis":"x","origin":[8.29171,16.466555,6.635258]},"faces":{"down":{"uv":[1.5,5.3125,0.8125,3.1875],"rotation":0,"texture":"#0","tintindex":0},"east":{"uv":[9.625,6.0625,7.5,6.125],"rotation":0,"texture":"#0","tintindex":0},"north":{"uv":[7.875,2.6875,7.1875,2.75],"rotation":0,"texture":"#0","tintindex":0},"south":{"uv":[7.375,3.8125,6.6875,3.875],"rotation":0,"texture":"#0","tintindex":0},"up":{"uv":[3.375,2.6875,2.6875,4.8125],"rotation":0,"texture":"#0","tintindex":0},"west":{"uv":[10.125,5.25,8.0,5.3125],"rotation":0,"texture":"#0","tintindex":0}}},{"name":"shoulder","from":[1.0889528,9.263798,-5.0553713],"to":[4.9673605,14.80438,0.4852116],"rotation":{"angle":-22.5,"axis":"x","origin":[-6.667863,12.034089,1.5933282]},"faces":{"down":{"uv":[2.1875,7.5625,1.75,6.9375],"rotation":0,"texture":"#0","tintindex":0},"east":{"uv":[3.8125,4.8125,3.1875,5.4375],"rotation":0,"texture":"#0","tintindex":0},"north":{"uv":[7.1875,3.1875,6.75,3.8125],"rotation":0,"texture":"#0","tintindex":0},"south":{"uv":[0.4375,6.75,0.0,7.375],"rotation":0,"texture":"#0","tintindex":0},"up":{"uv":[1.75,6.875,1.3125,7.5],"rotation":0,"texture":"#0","tintindex":0},"west":{"uv":[5.5,3.875,4.875,4.5],"rotation":0,"texture":"#0","tintindex":0}}},{"name":"shoulder","from":[10.784973,9.263798,9.350143],"to":[14.66338,14.80438,14.890726],"rotation":{"angle":-22.5,"axis":"x","origin":[1.2946266,12.034089,15.998844]},"faces":{"down":{"uv":[6.25,6.9375,5.8125,6.3125],"rotation":0,"texture":"#0","tintindex":0},"east":{"uv":[5.0,1.875,4.375,2.5],"rotation":0,"texture":"#0","tintindex":0},"north":{"uv":[5.375,6.3125,4.9375,6.9375],"rotation":0,"texture":"#0","tintindex":0},"south":{"uv":[4.9375,6.3125,4.5,6.9375],"rotation":0,"texture":"#0","tintindex":0},"up":{"uv":[5.8125,6.3125,5.375,6.9375],"rotation":0,"texture":"#0","tintindex":0},"west":{"uv":[4.5625,4.6875,3.9375,5.3125],"rotation":0,"texture":"#0","tintindex":0}}},{"name":"shoulder","from":[1.0889528,9.263798,9.350143],"to":[4.9673605,14.80438,14.890726],"rotation":{"angle":-22.5,"axis":"x","origin":[-6.667863,12.034089,15.998844]},"faces":{"down":{"uv":[7.125,7.3125,6.6875,6.6875],"rotation":0,"texture":"#0","tintindex":0},"east":{"uv":[5.1875,4.6875,4.5625,5.3125],"rotation":0,"texture":"#0","tintindex":0},"north":{"uv":[6.9375,0.375,6.5,1.0],"rotation":0,"texture":"#0","tintindex":0},"south":{"uv":[6.6875,6.3125,6.25,6.9375],"rotation":0,"texture":"#0","tintindex":0},"up":{"uv":[7.0625,1.0,6.625,1.625],"rotation":0,"texture":"#0","tintindex":0},"west":{"uv":[3.1875,4.8125,2.5625,5.4375],"rotation":0,"texture":"#0","tintindex":0}}},{"name":"shoulder","from":[10.784973,9.263798,-5.0553713],"to":[14.66338,14.80438,0.4852116],"rotation":{"angle":-22.5,"axis":"x","origin":[2.8114655,12.034089,1.5933282]},"faces":{"down":{"uv":[3.5625,6.9375,3.125,6.3125],"rotation":0,"texture":"#0","tintindex":0},"east":{"uv":[3.3125,1.5,2.6875,2.125],"rotation":0,"texture":"#0","tintindex":0},"north":{"uv":[2.6875,6.3125,2.25,6.9375],"rotation":0,"texture":"#0","tintindex":0},"south":{"uv":[2.25,6.3125,1.8125,6.9375],"rotation":0,"texture":"#0","tintindex":0},"up":{"uv":[3.125,6.3125,2.6875,6.9375],"rotation":0,"texture":"#0","tintindex":0},"west":{"uv":[0.625,4.375,0.0,5.0],"rotation":0,"texture":"#0","tintindex":0}}}],"display":{"head":{"translation":[0.0,-6.4,0.0],"rotation":[0.0,0.0,0.0],"scale":[3.8095,3.8095,3.8095]}}}