{"textures":{"0":"modelengine:entity/firedragon"},"elements":[{"name":"knee","from":[11.893089,8.155681,-0.013440609],"to":[14.109321,11.480031,3.3109086],"rotation":{"angle":-22.5,"axis":"x","origin":[3.5822148,8.70974,6.0811996]},"faces":{"down":{"uv":[8.875,8.5625,8.625,8.1875],"rotation":0,"texture":"#0","tintindex":0},"east":{"uv":[1.875,3.625,1.5,4.0],"rotation":0,"texture":"#0","tintindex":0},"north":{"uv":[6.625,1.125,6.375,1.5],"rotation":0,"texture":"#0","tintindex":0},"south":{"uv":[2.6875,1.5,2.4375,1.875],"rotation":0,"texture":"#0","tintindex":0},"up":{"uv":[8.875,5.6875,8.625,6.0625],"rotation":0,"texture":"#0","tintindex":0},"west":{"uv":[8.4375,6.625,8.0625,7.0],"rotation":0,"texture":"#0","tintindex":0}}},{"name":"conecttop","from":[12.059306,9.67934,1.1500814],"to":[14.109321,10.233399,2.4798214],"rotation":{"angle":0.0,"axis":"x","origin":[3.5822148,7.6570287,6.635258]},"faces":{"down":{"uv":[9.375,0.125,9.125,0.0],"rotation":0,"texture":"#0","tintindex":0},"east":{"uv":[4.875,3.875,4.75,3.9375],"rotation":0,"texture":"#0","tintindex":0},"north":{"uv":[8.0,5.125,7.75,5.1875],"rotation":0,"texture":"#0","tintindex":0},"south":{"uv":[7.125,6.625,6.875,6.6875],"rotation":0,"texture":"#0","tintindex":0},"up":{"uv":[9.3125,8.9375,9.0625,9.0625],"rotation":0,"texture":"#0","tintindex":0},"west":{"uv":[3.9375,5.25,3.8125,5.3125],"rotation":0,"texture":"#0","tintindex":0}}},{"name":"conectbot","from":[11.893089,5.57931,-3.060762],"to":[14.109321,6.6874266,-0.8445282],"rotation":{"angle":22.5,"axis":"x","origin":[3.5822148,3.7232146,3.3109086]},"faces":{"down":{"uv":[8.3125,2.9375,8.0625,2.6875],"rotation":0,"texture":"#0","tintindex":0},"east":{"uv":[9.375,5.9375,9.125,6.0625],"rotation":0,"texture":"#0","tintindex":0},"north":{"uv":[9.375,7.0,9.125,7.125],"rotation":0,"texture":"#0","tintindex":0},"south":{"uv":[9.375,4.25,9.125,4.375],"rotation":0,"texture":"#0","tintindex":0},"up":{"uv":[1.875,8.0625,1.625,8.3125],"rotation":0,"texture":"#0","tintindex":0},"west":{"uv":[5.6875,9.1875,5.4375,9.3125],"rotation":0,"texture":"#0","tintindex":0}}},{"name":"leg","from":[11.920132,3.030642,0.6514292],"to":[14.082278,6.90905,3.0892851],"rotation":{"angle":0.0,"axis":"x","origin":[3.5822148,3.7786205,7.2447224]},"faces":{"down":{"uv":[9.125,6.875,8.875,6.625],"rotation":0,"texture":"#0","tintindex":0},"east":{"uv":[1.25,8.4375,1.0,8.875],"rotation":0,"texture":"#0","tintindex":0},"north":{"uv":[8.6875,6.625,8.4375,7.0625],"rotation":0,"texture":"#0","tintindex":0},"south":{"uv":[8.625,8.375,8.375,8.8125],"rotation":0,"texture":"#0","tintindex":0},"up":{"uv":[9.125,5.75,8.875,6.0],"rotation":0,"texture":"#0","tintindex":0},"west":{"uv":[0.25,8.5,0.0,8.9375],"rotation":0,"texture":"#0","tintindex":0}}},{"name":"nail","from":[14.585821,5.803399,-1.3163166],"to":[15.13988,6.135834,-0.15279412],"rotation":{"angle":-22.5,"axis":"x","origin":[5.1668305,3.7810867,6.1080637]},"faces":{"down":{"uv":[1.3125,8.5625,1.25,8.4375],"rotation":0,"texture":"#0","tintindex":0},"east":{"uv":[9.5,6.3125,9.375,6.375],"rotation":0,"texture":"#0","tintindex":0},"north":{"uv":[7.9375,1.8125,7.875,1.875],"rotation":0,"texture":"#0","tintindex":0},"south":{"uv":[7.8125,7.25,7.75,7.3125],"rotation":0,"texture":"#0","tintindex":0},"up":{"uv":[8.3125,5.5625,8.25,5.6875],"rotation":0,"texture":"#0","tintindex":0},"west":{"uv":[9.5,6.375,9.375,6.4375],"rotation":0,"texture":"#0","tintindex":0}}},{"name":"toeend","from":[12.350444,2.91983,-5.103219],"to":[13.45856,3.8063235,-4.2167253],"rotation":{"angle":-22.5,"axis":"y","origin":[2.9314528,0.8975177,2.0441332]},"faces":{"down":{"uv":[9.4375,5.5625,9.3125,5.4375],"rotation":0,"texture":"#0","tintindex":0},"east":{"uv":[9.4375,1.875,9.3125,2.0],"rotation":0,"texture":"#0","tintindex":0},"north":{"uv":[9.4375,2.25,9.3125,2.375],"rotation":0,"texture":"#0","tintindex":0},"south":{"uv":[9.375,9.3125,9.25,9.4375],"rotation":0,"texture":"#0","tintindex":0},"up":{"uv":[9.4375,4.75,9.3125,4.875],"rotation":0,"texture":"#0","tintindex":0},"west":{"uv":[9.4375,4.625,9.3125,4.75],"rotation":0,"texture":"#0","tintindex":0}}},{"name":"toeend","from":[13.8018,2.91983,2.546346],"to":[14.909917,3.8063235,3.4328396],"rotation":{"angle":22.5,"axis":"y","origin":[4.3828096,0.8975177,9.693697]},"faces":{"down":{"uv":[9.25,9.4375,9.125,9.3125],"rotation":0,"texture":"#0","tintindex":0},"east":{"uv":[5.875,9.3125,5.75,9.4375],"rotation":0,"texture":"#0","tintindex":0},"north":{"uv":[7.5,9.3125,7.375,9.4375],"rotation":0,"texture":"#0","tintindex":0},"south":{"uv":[4.75,9.3125,4.625,9.4375],"rotation":0,"texture":"#0","tintindex":0},"up":{"uv":[9.125,9.3125,9.0,9.4375],"rotation":0,"texture":"#0","tintindex":0},"west":{"uv":[9.0,9.3125,8.875,9.4375],"rotation":0,"texture":"#0","tintindex":0}}},{"name":"nail","from":[10.5791855,5.911745,-1.2929697],"to":[11.133244,6.2441797,-0.12944722],"rotation":{"angle":-22.5,"axis":"x","origin":[1.1601951,3.8894322,6.1314106]},"faces":{"down":{"uv":[4.5,7.5625,4.4375,7.4375],"rotation":0,"texture":"#0","tintindex":0},"east":{"uv":[9.5,5.625,9.375,5.6875],"rotation":0,"texture":"#0","tintindex":0},"north":{"uv":[1.8125,6.875,1.75,6.9375],"rotation":0,"texture":"#0","tintindex":0},"south":{"uv":[6.75,3.75,6.6875,3.8125],"rotation":0,"texture":"#0","tintindex":0},"up":{"uv":[5.5,7.375,5.4375,7.5],"rotation":0,"texture":"#0","tintindex":0},"west":{"uv":[9.5,5.6875,9.375,5.75],"rotation":0,"texture":"#0","tintindex":0}}},{"name":"toe1","from":[12.155421,2.91983,-4.3829427],"to":[13.263538,3.4738884,-1.5572453],"rotation":{"angle":-22.5,"axis":"y","origin":[2.7364311,0.8975177,2.5981917]},"faces":{"down":{"uv":[0.875,9.375,0.75,9.0625],"rotation":0,"texture":"#0","tintindex":0},"east":{"uv":[9.5625,1.4375,9.25,1.5],"rotation":0,"texture":"#0","tintindex":0},"north":{"uv":[9.5,6.0,9.375,6.0625],"rotation":0,"texture":"#0","tintindex":0},"south":{"uv":[9.5,5.9375,9.375,6.0],"rotation":0,"texture":"#0","tintindex":0},"up":{"uv":[0.75,9.0625,0.625,9.375],"rotation":0,"texture":"#0","tintindex":0},"west":{"uv":[9.5625,1.5,9.25,1.5625],"rotation":0,"texture":"#0","tintindex":0}}},{"name":"toe1","from":[14.04016,2.91983,3.2666216],"to":[15.148277,3.4738884,6.092319],"rotation":{"angle":22.5,"axis":"y","origin":[4.62117,0.8975177,10.247756]},"faces":{"down":{"uv":[0.625,9.375,0.5,9.0625],"rotation":0,"texture":"#0","tintindex":0},"east":{"uv":[8.875,6.4375,8.5625,6.5],"rotation":0,"texture":"#0","tintindex":0},"north":{"uv":[9.5,2.6875,9.375,2.75],"rotation":0,"texture":"#0","tintindex":0},"south":{"uv":[9.5,1.0,9.375,1.0625],"rotation":0,"texture":"#0","tintindex":0},"up":{"uv":[4.4375,8.5625,4.3125,8.875],"rotation":0,"texture":"#0","tintindex":0},"west":{"uv":[8.9375,8.5625,8.625,8.625],"rotation":0,"texture":"#0","tintindex":0}}},{"name":"nail","from":[12.779582,5.911745,-2.839138],"to":[13.33364,6.2441797,-1.6756163],"rotation":{"angle":-22.5,"axis":"x","origin":[3.3605914,3.8894322,4.5852423]},"faces":{"down":{"uv":[3.75,6.3125,3.6875,6.1875],"rotation":0,"texture":"#0","tintindex":0},"east":{"uv":[9.5,0.3125,9.375,0.375],"rotation":0,"texture":"#0","tintindex":0},"north":{"uv":[0.5625,6.6875,0.5,6.75],"rotation":0,"texture":"#0","tintindex":0},"south":{"uv":[0.625,5.25,0.5625,5.3125],"rotation":0,"texture":"#0","tintindex":0},"up":{"uv":[1.9375,5.3125,1.875,5.4375],"rotation":0,"texture":"#0","tintindex":0},"west":{"uv":[9.5,0.9375,9.375,1.0],"rotation":0,"texture":"#0","tintindex":0}}},{"name":"toeend","from":[12.447146,2.91983,-2.118863],"to":[13.5552635,3.8063235,-1.2323694],"rotation":{"angle":0.0,"axis":"x","origin":[3.0281565,0.8975177,5.028489]},"faces":{"down":{"uv":[1.125,9.4375,1.0,9.3125],"rotation":0,"texture":"#0","tintindex":0},"east":{"uv":[6.625,1.0,6.5,1.125],"rotation":0,"texture":"#0","tintindex":0},"north":{"uv":[6.9375,5.6875,6.8125,5.8125],"rotation":0,"texture":"#0","tintindex":0},"south":{"uv":[3.375,2.5625,3.25,2.6875],"rotation":0,"texture":"#0","tintindex":0},