{"textures":{"0":"modelengine:entity/firedragon"},"elements":[{"name":"nail","from":[14.101661,5.933414,-1.4574938],"to":[14.655719,6.265849,-0.29397202],"rotation":{"angle":-22.5,"axis":"x","origin":[4.68267,3.9111013,5.966886]},"faces":{"down":{"uv":[9.5,0.75,9.4375,0.625],"rotation":0,"texture":"#0","tintindex":0},"east":{"uv":[9.5625,0.5,9.4375,0.5625],"rotation":0,"texture":"#0","tintindex":0},"north":{"uv":[1.1875,9.3125,1.125,9.375],"rotation":0,"texture":"#0","tintindex":0},"south":{"uv":[9.1875,8.5,9.125,8.5625],"rotation":0,"texture":"#0","tintindex":0},"up":{"uv":[9.375,9.4375,9.3125,9.5625],"rotation":0,"texture":"#0","tintindex":0},"west":{"uv":[9.5625,0.5625,9.4375,0.625],"rotation":0,"texture":"#0","tintindex":0}}},{"name":"toeend","from":[11.910278,2.9414995,-5.211564],"to":[13.018394,3.8279927,-4.32507],"rotation":{"angle":-22.5,"axis":"y","origin":[2.4912877,0.9191866,1.9357882]},"faces":{"down":{"uv":[3.125,9.5,3.0,9.375],"rotation":0,"texture":"#0","tintindex":0},"east":{"uv":[2.625,9.375,2.5,9.5],"rotation":0,"texture":"#0","tintindex":0},"north":{"uv":[2.75,9.375,2.625,9.5],"rotation":0,"texture":"#0","tintindex":0},"south":{"uv":[2.5,9.375,2.375,9.5],"rotation":0,"texture":"#0","tintindex":0},"up":{"uv":[3.0,9.375,2.875,9.5],"rotation":0,"texture":"#0","tintindex":0},"west":{"uv":[2.875,9.375,2.75,9.5],"rotation":0,"texture":"#0","tintindex":0}}},{"name":"toe3","from":[11.671918,2.9414995,-4.4912887],"to":[12.780034,3.4955575,-1.6655912],"rotation":{"angle":-22.5,"axis":"y","origin":[2.2529268,0.9191866,2.4898458]},"faces":{"down":{"uv":[5.125,9.375,5.0,9.0625],"rotation":0,"texture":"#0","tintindex":0},"east":{"uv":[9.5625,4.9375,9.25,5.0],"rotation":0,"texture":"#0","tintindex":0},"north":{"uv":[9.5625,0.4375,9.4375,0.5],"rotation":0,"texture":"#0","tintindex":0},"south":{"uv":[9.5625,0.375,9.4375,0.4375],"rotation":0,"texture":"#0","tintindex":0},"up":{"uv":[3.875,9.0625,3.75,9.375],"rotation":0,"texture":"#0","tintindex":0},"west":{"uv":[9.5625,5.0,9.25,5.0625],"rotation":0,"texture":"#0","tintindex":0}}},{"name":"nail","from":[10.047039,5.911745,-1.336308],"to":[10.601097,6.2441797,-0.17278528],"rotation":{"angle":-22.5,"axis":"x","origin":[0.6280477,3.8894322,6.0880733]},"faces":{"down":{"uv":[9.3125,9.5625,9.25,9.4375],"rotation":0,"texture":"#0","tintindex":0},"east":{"uv":[9.125,9.4375,9.0,9.5],"rotation":0,"texture":"#0","tintindex":0},"north":{"uv":[9.125,6.4375,9.0625,6.5],"rotation":0,"texture":"#0","tintindex":0},"south":{"uv":[7.125,9.0625,7.0625,9.125],"rotation":0,"texture":"#0","tintindex":0},"up":{"uv":[7.5,9.4375,7.4375,9.5625],"rotation":0,"texture":"#0","tintindex":0},"west":{"uv":[9.25,9.4375,9.125,9.5],"rotation":0,"texture":"#0","tintindex":0}}},{"name":"toeend","from":[13.301828,2.91983,2.5030077],"to":[14.409945,3.8063235,3.3895013],"rotation":{"angle":22.5,"axis":"y","origin":[3.8828378,0.8975177,9.65036]},"faces":{"down":{"uv":[2.375,9.5,2.25,9.375],"rotation":0,"texture":"#0","tintindex":0},"east":{"uv":[1.5,9.375,1.375,9.5],"rotation":0,"texture":"#0","tintindex":0},"north":{"uv":[2.0,9.375,1.875,9.5],"rotation":0,"texture":"#0","tintindex":0},"south":{"uv":[1.375,9.375,1.25,9.5],"rotation":0,"texture":"#0","tintindex":0},"up":{"uv":[2.25,9.375,2.125,9.5],"rotation":0,"texture":"#0","tintindex":0},"west":{"uv":[2.125,9.375,2.0,9.5],"rotation":0,"texture":"#0","tintindex":0}}},{"name":"toe3","from":[13.583527,2.91983,3.223284],"to":[14.691644,3.4738884,6.0489817],"rotation":{"angle":22.5,"axis":"y","origin":[4.1645355,0.8975177,10.204418]},"faces":{"down":{"uv":[3.75,9.375,3.625,9.0625],"rotation":0,"texture":"#0","tintindex":0},"east":{"uv":[9.5625,3.9375,9.25,4.0],"rotation":0,"texture":"#0","tintindex":0},"north":{"uv":[9.0,9.4375,8.875,9.5],"rotation":0,"texture":"#0","tintindex":0},"south":{"uv":[7.4375,9.4375,7.3125,9.5],"rotation":0,"texture":"#0","tintindex":0},"up":{"uv":[3.625,9.0625,3.5,9.375],"rotation":0,"texture":"#0","tintindex":0},"west":{"uv":[9.5625,4.875,9.25,4.9375],"rotation":0,"texture":"#0","tintindex":0}}},{"name":"nail","from":[12.225524,5.911745,-2.839138],"to":[12.779582,6.2441797,-1.6756163],"rotation":{"angle":-22.5,"axis":"x","origin":[2.8065336,3.8894322,4.585243]},"faces":{"down":{"uv":[7.3125,9.5625,7.25,9.4375],"rotation":0,"texture":"#0","tintindex":0},"east":{"uv":[7.0625,9.4375,6.9375,9.5],"rotation":0,"texture":"#0","tintindex":0},"north":{"uv":[6.375,9.0,6.3125,9.0625],"rotation":0,"texture":"#0","tintindex":0},"south":{"uv":[5.0625,9.0,5.0,9.0625],"rotation":0,"texture":"#0","tintindex":0},"up":{"uv":[7.25,9.4375,7.1875,9.5625],"rotation":0,"texture":"#0","tintindex":0},"west":{"uv":[7.1875,9.4375,7.0625,9.5],"rotation":0,"texture":"#0","tintindex":0}}},{"name":"toeend","from":[11.893089,2.91983,-2.1188617],"to":[13.001205,3.8063235,-1.2323685],"rotation":{"angle":0.0,"axis":"x","origin":[2.4740977,0.8975177,5.02849]},"faces":{"down":{"uv":[1.25,9.5,1.125,9.375],"rotation":0,"texture":"#0","tintindex":0},"east":{"uv":[0.625,9.375,0.5,9.5],"rotation":0,"texture":"#0","tintindex":0},"north":{"uv":[0.75,9.375,0.625,9.5],"rotation":0,"texture":"#0","tintindex":0},"south":{"uv":[0.125,9.375,0.0,9.5],"rotation":0,"texture":"#0","tintindex":0},"up":{"uv":[1.0,9.375,0.875,9.5],"rotation":0,"texture":"#0","tintindex":0},"west":{"uv":[0.875,9.375,0.75,9.5],"rotation":0,"texture":"#0","tintindex":0}}},{"name":"toe3","from":[11.893089,2.91983,-1.3985863],"to":[13.001205,3.4738884,1.4271108],"rotation":{"angle":0.0,"axis":"x","origin":[2.4740977,0.8975177,5.5825477]},"faces":{"down":{"uv":[3.5,9.375,3.375,9.0625],"rotation":0,"texture":"#0","tintindex":0},"east":{"uv":[9.5625,2.8125,9.25,2.875],"rotation":0,"texture":"#0","tintindex":0},"north":{"uv":[6.9375,9.4375,6.8125,9.5],"rotation":0,"texture":"#0","tintindex":0},"south":{"uv":[6.8125,9.4375,6.6875,9.5],"rotation":0,"texture":"#0","tintindex":0},"up":{"uv":[3.375,9.0625,3.25,9.375],"rotation":0,"texture":"#0","tintindex":0},"west":{"uv":[9.5625,3.875,9.25,3.9375],"rotation":0,"texture":"#0","tintindex":0}}},{"name":"leg","from":[11.339031,3.030642,0.6514292],"to":[13.5552635,6.90905,3.0892851],"rotation":{"angle":0.0,"axis":"x","origin":[3.0281565,3.7786205,7.2447233]},"faces":{"down":{"uv":[8.8125,9.1875,8.5625,8.9375],"rotation":0,"texture":"#0","tintindex":0},"east":{"uv":[4.3125,8.5625,4.0625,9.0],"rotation":0,"texture":"#0","tintindex":0},"north":{"uv":[6.375,8.5625,6.125,9.0],"rotation":0,"texture":"#0","tintindex":0},"south":{"uv":[1.5,8.5625,1.25,9.0],"rotation":0,"texture":"#0","tintindex":0},"up":{"uv":[6.0625,8.9375,5.8125,9.1875],"rotation":0,"texture":"#0","tintindex":0},"west":{"uv":[7.375,8.5625,7.125,9.0],"rotation":0,"texture":"#0","tintindex":0}}},{"name":"conectbot","from":[11.339031,5.57931,-3.060761],"to":[13.5552635,6.6874266,-0.8445282],"rotation":{"angle":22.5,"axis":"x","origin":[3.0281565,3.7232146,3.310909]},"faces":{"down":{"uv":[5.8125,9.1875,5.5625,8.9375],"rotation":0,"texture":"#0","tintindex":0},"east":{"uv":[9.4375,1.1875,9.1875,1.3125],"rotation":0,"texture":"#0","tintindex":0},"north":{"uv":[9.4375,2.4375,9.1875,2.5625],"rotation":0,"texture":"#0","tintindex":0},"south":{"uv":[9.4375,1.0625,9.1875,1.1875],"rotation":0,"texture":"#0","tintindex":0},"up":{"uv":[5.5625,8.9375,5.3125,9.1875],"rotation":0,"texture":"#0","tintindex":0},"west":{"uv":[9.4375,2.5625,9.1875,2.6875],"rotation":0,"texture":"#0","tintindex":0}}},{"name":"conecttop","from":[11.339031,9.67934,1.1500819],"to":[13.389046,10.233399,2.479822],"rotation":{"angle":0.0,"axis":"x","origin":[2.861939,7.6570287,6.6352587]},"faces":{"down":{"uv":[9.4375,0.875,9.1875,0.75],"rotation":0,"texture":"#0","tintindex":0},"east":{"uv":[6.5625,9.4375,6.4375,9.5],"rotation":0,"texture":"#0","tintindex":0},"north":{"uv":[9.5625,2.0,9.3125,2.0625],"rotation":0,"texture":"#0","tintindex":0},"south":{"uv":[9.1875,3.8125,8.9375,3.875],"rotation":0,"texture":"#0","tintindex":0},"up":{"uv":[9.4375,0.625,9.1875,0.75],"rotation":0,