{"textures":{"0":"modelengine:entity/firedragon"},"elements":[{"name":"main body1","from":[5.2297087,5.147998,5.5092354],"to":[10.216233,9.837048,12.957327],"rotation":{"angle":0.0,"axis":"x","origin":[8.0,4.850524,16.5904]},"faces":{"down":{"uv":[7.5,6.125,6.9375,5.6875],"rotation":0,"texture":"#0","tintindex":0},"east":{"uv":[5.9375,6.9375,5.5,7.5],"rotation":0,"texture":"#0","tintindex":0},"north":{"uv":[0.5625,5.625,0.0,6.1875],"rotation":0,"texture":"#0","tintindex":0},"south":{"uv":[3.25,2.125,2.6875,2.6875],"rotation":0,"texture":"#0","tintindex":0},"up":{"uv":[7.5,0.1875,6.9375,0.625],"rotation":0,"texture":"#0","tintindex":0},"west":{"uv":[6.375,6.9375,5.9375,7.5],"rotation":0,"texture":"#0","tintindex":0}}},{"name":"main body2","from":[5.7837667,4.5939393,9.387644],"to":[9.662174,8.174873,14.065444],"rotation":{"angle":0.0,"axis":"x","origin":[8.0,3.1883492,7.0339537]},"faces":{"down":{"uv":[7.5625,9.125,7.125,9.0],"rotation":0,"texture":"#0","tintindex":0},"east":{"uv":[2.8125,7.9375,2.6875,8.375],"rotation":0,"texture":"#0","tintindex":0},"north":{"uv":[8.0625,6.625,7.625,7.0625],"rotation":0,"texture":"#0","tintindex":0},"south":{"uv":[4.875,7.5625,4.4375,8.0],"rotation":0,"texture":"#0","tintindex":0},"up":{"uv":[9.375,8.8125,8.9375,8.9375],"rotation":0,"texture":"#0","tintindex":0},"west":{"uv":[4.8125,8.875,4.6875,9.3125],"rotation":0,"texture":"#0","tintindex":0}}},{"name":"main body3","from":[6.337825,4.039881,10.49576],"to":[9.108116,7.620815,14.619503],"rotation":{"angle":0.0,"axis":"x","origin":[8.0,2.634291,9.225527]},"faces":{"down":{"uv":[7.375,9.375,7.0625,9.3125],"rotation":0,"texture":"#0","tintindex":0},"east":{"uv":[7.125,7.3125,7.0625,7.75],"rotation":0,"texture":"#0","tintindex":0},"north":{"uv":[5.375,8.25,5.0625,8.6875],"rotation":0,"texture":"#0","tintindex":0},"south":{"uv":[4.0625,8.25,3.75,8.6875],"rotation":0,"texture":"#0","tintindex":0},"up":{"uv":[5.75,9.3125,5.4375,9.375],"rotation":0,"texture":"#0","tintindex":0},"west":{"uv":[4.875,8.0,4.8125,8.4375],"rotation":0,"texture":"#0","tintindex":0}}},{"name":"main body4","from":[6.337825,3.5966344,11.049818],"to":[9.108116,7.28838,15.17356],"rotation":{"angle":0.0,"axis":"x","origin":[8.0,2.0802326,9.562894]},"faces":{"down":{"uv":[8.875,9.375,8.5625,9.3125],"rotation":0,"texture":"#0","tintindex":0},"east":{"uv":[2.3125,8.3125,2.25,8.75],"rotation":0,"texture":"#0","tintindex":0},"north":{"uv":[2.25,8.3125,1.9375,8.75],"rotation":0,"texture":"#0","tintindex":0},"south":{"uv":[1.9375,8.3125,1.625,8.75],"rotation":0,"texture":"#0","tintindex":0},"up":{"uv":[8.125,9.3125,7.8125,9.375],"rotation":0,"texture":"#0","tintindex":0},"west":{"uv":[3.9375,9.0625,3.875,9.5],"rotation":0,"texture":"#0","tintindex":0}}},{"name":"main body5","from":[6.283739,3.097982,11.603877],"to":[9.162203,6.512699,16.281677],"rotation":{"angle":0.0,"axis":"x","origin":[8.0,1.5261743,9.466878]},"faces":{"down":{"uv":[9.375,0.25,9.0625,0.125],"rotation":0,"texture":"#0","tintindex":0},"east":{"uv":[0.375,9.0,0.25,9.4375],"rotation":0,"texture":"#0","tintindex":0},"north":{"uv":[8.625,3.5625,8.3125,4.0],"rotation":0,"texture":"#0","tintindex":0},"south":{"uv":[8.625,2.4375,8.3125,2.875],"rotation":0,"texture":"#0","tintindex":0},"up":{"uv":[9.375,9.0625,9.0625,9.1875],"rotation":0,"texture":"#0","tintindex":0},"west":{"uv":[0.5,9.0,0.375,9.4375],"rotation":0,"texture":"#0","tintindex":0}}},{"name":"main body6","from":[6.3107824,2.9317646,12.711993],"to":[9.1351595,5.404582,17.470922],"rotation":{"angle":0.0,"axis":"x","origin":[8.0,0.41805768,23.79316]},"faces":{"down":{"uv":[9.375,1.0625,9.0625,0.9375],"rotation":0,"texture":"#0","tintindex":0},"east":{"uv":[7.0625,9.0625,6.9375,9.375],"rotation":0,"texture":"#0","tintindex":0},"north":{"uv":[8.9375,8.625,8.625,8.9375],"rotation":0,"texture":"#0","tintindex":0},"south":{"uv":[8.875,6.125,8.5625,6.4375],"rotation":0,"texture":"#0","tintindex":0},"up":{"uv":[9.375,0.25,9.0625,0.375],"rotation":0,"texture":"#0","tintindex":0},"west":{"uv":[9.1875,0.625,9.0625,0.9375],"rotation":0,"texture":"#0","tintindex":0}}},{"name":"main body7","from":[6.337825,2.3777063,13.82011],"to":[9.108116,4.850524,18.49791],"rotation":{"angle":0.0,"axis":"x","origin":[8.0,-0.13600063,12.116493]},"faces":{"down":{"uv":[9.375,5.75,9.0625,5.625],"rotation":0,"texture":"#0","tintindex":0},"east":{"uv":[9.1875,5.3125,9.0625,5.625],"rotation":0,"texture":"#0","tintindex":0},"north":{"uv":[8.9375,3.5625,8.625,3.875],"rotation":0,"texture":"#0","tintindex":0},"south":{"uv":[8.9375,2.4375,8.625,2.75],"rotation":0,"texture":"#0","tintindex":0},"up":{"uv":[9.375,4.375,9.0625,4.5],"rotation":0,"texture":"#0","tintindex":0},"west":{"uv":[9.1875,6.125,9.0625,6.4375],"rotation":0,"texture":"#0","tintindex":0}}},{"name":"main body8","from":[6.8918834,2.4885178,14.9282255],"to":[8.554058,4.5180893,22.37632],"rotation":{"angle":0.0,"axis":"x","origin":[8.0,-0.13600063,11.49108]},"faces":{"down":{"uv":[9.0625,5.75,8.875,5.3125],"rotation":0,"texture":"#0","tintindex":0},"east":{"uv":[8.9375,4.0,8.5,4.25],"rotation":0,"texture":"#0","tintindex":0},"north":{"uv":[9.1875,7.125,9.0,7.375],"rotation":0,"texture":"#0","tintindex":0},"south":{"uv":[9.1875,2.875,9.0,3.125],"rotation":0,"texture":"#0","tintindex":0},"up":{"uv":[9.0625,0.625,8.875,1.0625],"rotation":0,"texture":"#0","tintindex":0},"west":{"uv":[9.0,2.875,8.5625,3.125],"rotation":0,"texture":"#0","tintindex":0}}},{"name":"main body9","from":[7.445942,2.9317646,18.806633],"to":[8.0,3.7424073,27.9169],"rotation":{"angle":0.0,"axis":"x","origin":[8.0,-0.13600063,14.0]},"faces":{"down":{"uv":[3.5625,7.5625,3.5,6.9375],"rotation":0,"texture":"#0","tintindex":0},"east":{"uv":[6.8125,5.6875,6.1875,5.8125],"rotation":0,"texture":"#0","tintindex":0},"north":{"uv":[9.5,7.125,9.4375,7.25],"rotation":0,"texture":"#0","tintindex":0},"south":{"uv":[9.5,6.8125,9.4375,6.9375],"rotation":0,"texture":"#0","tintindex":0},"up":{"uv":[3.375,1.5,3.3125,2.125],"rotation":0,"texture":"#0","tintindex":0},"west":{"uv":[9.125,4.25,8.5,4.375],"rotation":0,"texture":"#0","tintindex":0}}},{"name":"main body10","from":[7.2566404,3.1883492,25.944054],"to":[8.081129,4.6750684,31.24125],"rotation":{"angle":0.0,"axis":"x","origin":[8.0,0.41805768,13.605927]},"faces":{"down":{"uv":[6.375,8.125,6.3125,7.5],"rotation":0,"texture":"#0","tintindex":0},"east":{"uv":[9.25,2.75,8.625,2.875],"rotation":0,"texture":"#0","tintindex":0},"north":{"uv":[9.5,7.5,9.4375,7.625],"rotation":0,"texture":"#0","tintindex":0},"south":{"uv":[9.5,7.375,9.4375,7.5],"rotation":0,"texture":"#0","tintindex":0},"up":{"uv":[0.4375,7.375,0.375,8.0],"rotation":0,"texture":"#0","tintindex":0},"west":{"uv":[9.25,3.875,8.625,4.0],"rotation":0,"texture":"#0","tintindex":0}}}],"display":{"head":{"translation":[0.0,-6.4,0.0],"rotation":[0.0,0.0,0.0],"scale":[3.8095,3.8095,3.8095]}}}