{"textures":{"0":"modelengine:entity/firedragon"},"elements":[{"name":"fang","from":[6.9637957,8.329784,5.653201],"to":[7.2408247,9.2479515,5.9302306],"rotation":{"angle":0.0,"axis":"x","origin":[6.9637957,8.329784,6.1518536]},"faces":{"down":{"uv":[9.5,8.25,9.4375,8.1875],"rotation":0,"texture":"#0","tintindex":0},"east":{"uv":[6.75,3.5,6.6875,3.75],"rotation":0,"texture":"#0","tintindex":0},"north":{"uv":[4.9375,7.5625,4.875,7.8125],"rotation":0,"texture":"#0","tintindex":0},"south":{"uv":[0.625,5.0,0.5625,5.25],"rotation":0,"texture":"#0","tintindex":0},"up":{"uv":[9.5,8.125,9.4375,8.1875],"rotation":0,"texture":"#0","tintindex":0},"west":{"uv":[5.4375,8.25,5.375,8.5],"rotation":0,"texture":"#0","tintindex":0}}},{"name":"fang","from":[8.721595,8.329784,5.653201],"to":[8.998623,9.2479515,5.9302306],"rotation":{"angle":0.0,"axis":"x","origin":[8.721595,8.329784,6.1518536]},"faces":{"down":{"uv":[9.5,8.25,9.4375,8.1875],"rotation":0,"texture":"#0","tintindex":0},"east":{"uv":[6.75,3.5,6.6875,3.75],"rotation":0,"texture":"#0","tintindex":0},"north":{"uv":[4.9375,7.5625,4.875,7.8125],"rotation":0,"texture":"#0","tintindex":0},"south":{"uv":[0.625,5.0,0.5625,5.25],"rotation":0,"texture":"#0","tintindex":0},"up":{"uv":[9.5,8.125,9.4375,8.1875],"rotation":0,"texture":"#0","tintindex":0},"west":{"uv":[5.4375,8.25,5.375,8.5],"rotation":0,"texture":"#0","tintindex":0}}},{"name":"beard","from":[7.7150517,6.559436,5.607682],"to":[8.407625,7.944583,6.217147],"rotation":{"angle":0.0,"axis":"x","origin":[7.7150517,1.0461416,13.257145]},"faces":{"down":{"uv":[9.5,8.5,9.4375,8.4375],"rotation":0,"texture":"#0","tintindex":0},"east":{"uv":[0.375,9.4375,0.3125,9.625],"rotation":0,"texture":"#0","tintindex":0},"north":{"uv":[0.4375,9.4375,0.375,9.625],"rotation":0,"texture":"#0","tintindex":0},"south":{"uv":[0.3125,9.4375,0.25,9.625],"rotation":0,"texture":"#0","tintindex":0},"up":{"uv":[9.5,8.375,9.4375,8.4375],"rotation":0,"texture":"#0","tintindex":0},"west":{"uv":[0.5,9.4375,0.4375,9.625],"rotation":0,"texture":"#0","tintindex":0}}},{"name":"mouthunder","from":[6.8839645,7.83377,5.5522766],"to":[9.100197,8.387829,7.76851],"rotation":{"angle":0.0,"axis":"x","origin":[7.992081,-1.1465845,4.998218]},"faces":{"down":{"uv":[9.1875,8.8125,8.9375,8.5625],"rotation":0,"texture":"#0","tintindex":0},"east":{"uv":[9.5625,6.25,9.3125,6.3125],"rotation":0,"texture":"#0","tintindex":0},"north":{"uv":[9.5625,6.9375,9.3125,7.0],"rotation":0,"texture":"#0","tintindex":0},"south":{"uv":[9.5625,5.875,9.3125,5.9375],"rotation":0,"texture":"#0","tintindex":0},"up":{"uv":[9.1875,4.0,8.9375,4.25],"rotation":0,"texture":"#0","tintindex":0},"west":{"uv":[9.5625,7.25,9.3125,7.3125],"rotation":0,"texture":"#0","tintindex":0}}},{"name":"fang","from":[6.6069355,8.221613,6.3833637],"to":[6.8839645,10.437845,6.6603937],"rotation":{"angle":0.0,"axis":"x","origin":[6.6069355,1.5041845,16.849812]},"faces":{"down":{"uv":[9.5,8.375,9.4375,8.3125],"rotation":0,"texture":"#0","tintindex":0},"east":{"uv":[5.375,8.6875,5.3125,8.9375],"rotation":0,"texture":"#0","tintindex":0},"north":{"uv":[5.0625,8.75,5.0,9.0],"rotation":0,"texture":"#0","tintindex":0},"south":{"uv":[4.875,8.4375,4.8125,8.6875],"rotation":0,"texture":"#0","tintindex":0},"up":{"uv":[9.5,8.25,9.4375,8.3125],"rotation":0,"texture":"#0","tintindex":0},"west":{"uv":[2.6875,8.8125,2.625,9.0625],"rotation":0,"texture":"#0","tintindex":0}}},{"name":"fang","from":[9.100197,8.221613,6.3833637],"to":[9.377227,10.437845,6.6603937],"rotation":{"angle":0.0,"axis":"x","origin":[9.100197,-3.046331,15.9830475]},"faces":{"down":{"uv":[9.5,8.25,9.4375,8.1875],"rotation":0,"texture":"#0","tintindex":0},"east":{"uv":[6.75,3.5,6.6875,3.75],"rotation":0,"texture":"#0","tintindex":0},"north":{"uv":[4.9375,7.5625,4.875,7.8125],"rotation":0,"texture":"#0","tintindex":0},"south":{"uv":[0.625,5.0,0.5625,5.25],"rotation":0,"texture":"#0","tintindex":0},"up":{"uv":[9.5,8.125,9.4375,8.1875],"rotation":0,"texture":"#0","tintindex":0},"west":{"uv":[5.4375,8.25,5.375,8.5],"rotation":0,"texture":"#0","tintindex":0}}}],"display":{"head":{"translation":[0.0,-6.4,0.0],"rotation":[0.0,0.0,0.0],"scale":[3.8095,3.8095,3.8095]}}}